groovy.lang.MissingPropertyException;true;1;out1695421805265.nf;
groovy.lang.MissingPropertyException;true;2;out1695421812549.nf;
nextflow.exception.ScriptCompilationException;true;1;out1695421814127.nf;
groovy.lang.MissingPropertyException;true;3;out1695421814854.nf;
groovy.lang.MissingPropertyException;true;4;out1695421816344.nf;
groovy.lang.MissingPropertyException;true;5;out1695421816979.nf;
groovy.lang.MissingPropertyException;true;6;out1695421817433.nf;
nextflow.exception.ScriptCompilationException;true;2;out1695421818577.nf;
groovy.lang.MissingPropertyException;true;7;out1695421819107.nf;
groovy.lang.MissingPropertyException;true;8;out1695421820401.nf;
nextflow.exception.DuplicateProcessInvocation;true;1;out1695421820843.nf;
groovy.lang.MissingPropertyException;true;9;out1695421821354.nf;
nextflow.exception.ScriptCompilationException;true;3;out1695421821915.nf;
groovy.lang.MissingPropertyException;true;10;out1695421822665.nf;
groovy.lang.MissingPropertyException;true;11;out1695421823408.nf;
nextflow.exception.DuplicateProcessInvocation;true;2;out1695421824661.nf;
groovy.lang.MissingPropertyException;true;12;out1695421825469.nf;
nextflow.exception.ScriptCompilationException;true;4;out1695421826044.nf;
groovy.lang.MissingPropertyException;true;13;out1695421828352.nf;
groovy.lang.MissingPropertyException;true;14;out1695421829343.nf;
nextflow.exception.ScriptCompilationException;true;5;out1695421830381.nf;
nextflow.exception.ScriptCompilationException;true;6;out1695421830774.nf;
groovy.lang.MissingPropertyException;true;15;out1695421831112.nf;
groovy.lang.MissingPropertyException;true;16;out1695421831459.nf;
groovy.lang.MissingPropertyException;true;17;out1695421831891.nf;
groovy.lang.MissingPropertyException;true;18;out1695421832294.nf;
groovy.lang.MissingPropertyException;true;19;out1695421832745.nf;
groovy.lang.MissingPropertyException;true;20;out1695421833086.nf;
groovy.lang.MissingPropertyException;true;21;out1695421833513.nf;
groovy.lang.MissingPropertyException;true;22;out1695421833842.nf;
groovy.lang.MissingPropertyException;true;23;out1695421834328.nf;
groovy.lang.MissingPropertyException;true;24;out1695421834796.nf;
groovy.lang.MissingPropertyException;true;25;out1695421835172.nf;
nextflow.exception.ScriptCompilationException;true;7;out1695421835718.nf;
groovy.lang.MissingPropertyException;true;26;out1695421836229.nf;
groovy.lang.MissingPropertyException;true;27;out1695421836611.nf;
groovy.lang.MissingPropertyException;true;28;out1695421836933.nf;
groovy.lang.MissingPropertyException;true;29;out1695421837735.nf;
groovy.lang.MissingPropertyException;true;30;out1695421838473.nf;
groovy.lang.MissingPropertyException;true;31;out1695421839166.nf;
nextflow.exception.ScriptCompilationException;true;8;out1695421839648.nf;
groovy.lang.MissingPropertyException;true;32;out1695421840026.nf;
groovy.lang.MissingPropertyException;true;33;out1695421840372.nf;
groovy.lang.MissingPropertyException;true;34;out1695421840707.nf;
groovy.lang.MissingPropertyException;true;35;out1695421841109.nf;
groovy.lang.MissingPropertyException;true;36;out1695421841776.nf;
nextflow.exception.DuplicateProcessInvocation;true;3;out1695421842441.nf;
nextflow.exception.DuplicateProcessInvocation;true;4;out1695421843004.nf;
groovy.lang.MissingPropertyException;true;37;out1695421843364.nf;
groovy.lang.MissingPropertyException;true;38;out1695421843893.nf;
nextflow.exception.ScriptCompilationException;true;9;out1695421844226.nf;
nextflow.exception.ScriptCompilationException;true;10;out1695421844579.nf;
groovy.lang.MissingPropertyException;true;39;out1695421845258.nf;
groovy.lang.MissingPropertyException;true;40;out1695421845597.nf;
groovy.lang.MissingPropertyException;true;41;out1695421845945.nf;
groovy.lang.MissingPropertyException;true;42;out1695421846371.nf;
groovy.lang.MissingPropertyException;true;43;out1695421846720.nf;
groovy.lang.MissingPropertyException;true;44;out1695421847194.nf;
nextflow.exception.ScriptCompilationException;true;11;out1695421847572.nf;
groovy.lang.MissingPropertyException;true;45;out1695421847940.nf;
groovy.lang.MissingPropertyException;true;46;out1695421848699.nf;
groovy.lang.MissingPropertyException;true;47;out1695421849073.nf;
groovy.lang.MissingPropertyException;true;48;out1695421849425.nf;
groovy.lang.MissingPropertyException;true;49;out1695421849778.nf;
nextflow.exception.ScriptCompilationException;true;12;out1695421850431.nf;
groovy.lang.MissingPropertyException;true;50;out1695421851331.nf;
nextflow.exception.ScriptCompilationException;true;13;out1695421851973.nf;
groovy.lang.MissingPropertyException;true;51;out1695421852789.nf;
groovy.lang.MissingPropertyException;true;52;out1695421853115.nf;
groovy.lang.MissingPropertyException;true;53;out1695421855079.nf;
groovy.lang.MissingPropertyException;true;54;out1695421855469.nf;
nextflow.exception.ScriptCompilationException;true;14;out1695421855786.nf;
nextflow.exception.ScriptCompilationException;true;15;out1695421856124.nf;
nextflow.exception.ScriptCompilationException;true;16;out1695421856507.nf;
groovy.lang.MissingPropertyException;true;55;out1695421856923.nf;
groovy.lang.MissingPropertyException;true;56;out1695421857516.nf;
groovy.lang.MissingPropertyException;true;57;out1695421858143.nf;
groovy.lang.MissingPropertyException;true;58;out1695421859056.nf;
groovy.lang.MissingPropertyException;true;59;out1695421859507.nf;
groovy.lang.MissingPropertyException;true;60;out1695421860025.nf;
groovy.lang.MissingPropertyException;true;61;out1695421860457.nf;
groovy.lang.MissingPropertyException;true;62;out1695421861302.nf;
groovy.lang.MissingPropertyException;true;63;out1695421861634.nf;
groovy.lang.MissingPropertyException;true;64;out1695421862005.nf;
nextflow.exception.ScriptCompilationException;true;17;out1695421863388.nf;
nextflow.exception.ScriptCompilationException;true;18;out1695421864359.nf;
groovy.lang.MissingPropertyException;true;65;out1695421864708.nf;
nextflow.exception.ScriptCompilationException;true;19;out1695421865283.nf;
groovy.lang.MissingPropertyException;true;66;out1695421866258.nf;
groovy.lang.MissingPropertyException;true;67;out1695421866976.nf;
groovy.lang.MissingPropertyException;true;68;out1695421867448.nf;
groovy.lang.MissingPropertyException;true;69;out1695421867902.nf;
groovy.lang.MissingPropertyException;true;70;out1695421868307.nf;
groovy.lang.MissingPropertyException;true;71;out1695421868663.nf;
groovy.lang.MissingPropertyException;true;72;out1695421869035.nf;
nextflow.exception.ScriptCompilationException;true;20;out1695421869934.nf;
groovy.lang.MissingPropertyException;true;73;out1695421870325.nf;
groovy.lang.MissingPropertyException;true;74;out1695421871537.nf;
groovy.lang.MissingPropertyException;true;75;out1695421872232.nf;
groovy.lang.MissingPropertyException;true;76;out1695421872833.nf;
groovy.lang.MissingPropertyException;true;77;out1695421873321.nf;
groovy.lang.MissingPropertyException;true;78;out1695421874753.nf;
nextflow.exception.ScriptCompilationException;true;21;out1695421877499.nf;
groovy.lang.MissingPropertyException;true;79;out1695421878323.nf;
nextflow.exception.ScriptCompilationException;true;22;out1695421878949.nf;
groovy.lang.MissingPropertyException;true;80;out1695421879561.nf;
groovy.lang.MissingPropertyException;true;81;out1695421880047.nf;
groovy.lang.MissingPropertyException;true;82;out1695421881545.nf;
groovy.lang.MissingPropertyException;true;83;out1695421882320.nf;
groovy.lang.MissingPropertyException;true;84;out1695421882742.nf;
nextflow.exception.ScriptCompilationException;true;23;out1695421883486.nf;
groovy.lang.MissingPropertyException;true;85;out1695421883910.nf;
groovy.lang.MissingPropertyException;true;86;out1695421884481.nf;
groovy.lang.MissingPropertyException;true;87;out1695421885045.nf;
nextflow.exception.ScriptCompilationException;true;24;out1695421885489.nf;
groovy.lang.MissingPropertyException;true;88;out1695421886097.nf;
groovy.lang.MissingPropertyException;true;89;out1695421886507.nf;
nextflow.exception.ScriptCompilationException;true;25;out1695421887294.nf;
groovy.lang.MissingPropertyException;true;90;out1695421887671.nf;
groovy.lang.MissingPropertyException;true;91;out1695421888066.nf;
groovy.lang.MissingPropertyException;true;92;out1695421889626.nf;
groovy.lang.MissingPropertyException;true;93;out1695421891007.nf;
groovy.lang.MissingPropertyException;true;94;out1695421891912.nf;
groovy.lang.MissingPropertyException;true;95;out1695421892391.nf;
groovy.lang.MissingPropertyException;true;96;out1695421893247.nf;
groovy.lang.MissingPropertyException;true;97;out1695421894119.nf;
groovy.lang.MissingPropertyException;true;98;out1695421897052.nf;
groovy.lang.MissingPropertyException;true;99;out1695421897908.nf;
groovy.lang.MissingPropertyException;true;100;out1695421898404.nf;
groovy.lang.MissingPropertyException;true;101;out1695421899540.nf;
groovy.lang.MissingPropertyException;true;102;out1695421900565.nf;
groovy.lang.MissingPropertyException;true;103;out1695421901609.nf;
groovy.lang.MissingPropertyException;true;104;out1695421902153.nf;
groovy.lang.MissingPropertyException;true;105;out1695421902515.nf;
nextflow.exception.DuplicateProcessInvocation;true;5;out1695421904351.nf;
groovy.lang.MissingPropertyException;true;106;out1695421904984.nf;
groovy.lang.MissingPropertyException;true;107;out1695421905738.nf;
groovy.lang.MissingPropertyException;true;108;out1695421906145.nf;
groovy.lang.MissingPropertyException;true;109;out1695421906744.nf;
groovy.lang.MissingPropertyException;true;110;out1695421907223.nf;
groovy.lang.MissingPropertyException;true;111;out1695421908202.nf;
groovy.lang.MissingPropertyException;true;112;out1695421909432.nf;
nextflow.exception.ScriptCompilationException;true;26;out1695421909876.nf;
groovy.lang.MissingPropertyException;true;113;out1695421911309.nf;
groovy.lang.MissingPropertyException;true;114;out1695421913538.nf;
nextflow.exception.ScriptCompilationException;true;27;out1695421914075.nf;
nextflow.exception.DuplicateProcessInvocation;true;6;out1695421914926.nf;
nextflow.exception.ScriptCompilationException;true;28;out1695421915422.nf;
nextflow.exception.DuplicateProcessInvocation;true;7;out1695421915843.nf;
groovy.lang.MissingPropertyException;true;115;out1695421916998.nf;
groovy.lang.MissingPropertyException;true;116;out1695421917470.nf;
nextflow.exception.AbortRunException;true;1;out1695421917997.nf;
nextflow.exception.ScriptCompilationException;true;29;out1695421918773.nf;
groovy.lang.MissingPropertyException;true;117;out1695421919195.nf;
groovy.lang.MissingPropertyException;true;118;out1695421919679.nf;
groovy.lang.MissingPropertyException;true;119;out1695421920294.nf;
nextflow.exception.ScriptCompilationException;true;30;out1695421920811.nf;
nextflow.exception.ScriptCompilationException;true;31;out1695421921361.nf;
groovy.lang.MissingPropertyException;true;120;out1695421921747.nf;
groovy.lang.MissingPropertyException;true;121;out1695421922403.nf;
nextflow.exception.ScriptCompilationException;true;32;out1695421922925.nf;
groovy.lang.MissingPropertyException;true;122;out1695421923885.nf;
groovy.lang.MissingPropertyException;true;123;out1695421924421.nf;
groovy.lang.MissingPropertyException;true;124;out1695421925475.nf;
groovy.lang.MissingPropertyException;true;125;out1695421926180.nf;
groovy.lang.MissingPropertyException;true;126;out1695421926585.nf;
groovy.lang.MissingPropertyException;true;127;out1695421927540.nf;
groovy.lang.MissingPropertyException;true;128;out1695421928004.nf;
groovy.lang.MissingPropertyException;true;129;out1695421928468.nf;
groovy.lang.MissingPropertyException;true;130;out1695421928875.nf;
groovy.lang.MissingPropertyException;true;131;out1695421929437.nf;
groovy.lang.MissingPropertyException;true;132;out1695421930152.nf;
groovy.lang.MissingPropertyException;true;133;out1695421931151.nf;
groovy.lang.MissingPropertyException;true;134;out1695421931778.nf;
groovy.lang.MissingPropertyException;true;135;out1695421932480.nf;
groovy.lang.MissingPropertyException;true;136;out1695421933236.nf;
groovy.lang.MissingPropertyException;true;137;out1695421934106.nf;
nextflow.exception.DuplicateProcessInvocation;true;8;out1695421934966.nf;
groovy.lang.MissingPropertyException;true;138;out1695421935710.nf;
groovy.lang.MissingPropertyException;true;139;out1695421936388.nf;
groovy.lang.MissingPropertyException;true;140;out1695421937431.nf;
groovy.lang.MissingPropertyException;true;141;out1695421937971.nf;
groovy.lang.MissingPropertyException;true;142;out1695421938674.nf;
groovy.lang.MissingPropertyException;true;143;out1695421939262.nf;
groovy.lang.MissingPropertyException;true;144;out1695421939902.nf;
groovy.lang.MissingPropertyException;true;145;out1695421940376.nf;
groovy.lang.MissingPropertyException;true;146;out1695421940925.nf;
nextflow.exception.ScriptCompilationException;true;33;out1695421942005.nf;
nextflow.exception.ScriptCompilationException;true;34;out1695421942553.nf;
nextflow.exception.ScriptCompilationException;true;35;out1695421943560.nf;
nextflow.exception.DuplicateProcessInvocation;true;9;out1695421944347.nf;
nextflow.exception.ScriptCompilationException;true;36;out1695421945229.nf;
groovy.lang.MissingPropertyException;true;147;out1695421948818.nf;
nextflow.exception.ScriptCompilationException;true;37;out1695421950258.nf;
groovy.lang.MissingPropertyException;true;148;out1695421950871.nf;
groovy.lang.MissingPropertyException;true;149;out1695421951723.nf;
groovy.lang.MissingPropertyException;true;150;out1695421952467.nf;
groovy.lang.MissingPropertyException;true;151;out1695421953255.nf;
groovy.lang.MissingPropertyException;true;152;out1695421953826.nf;
groovy.lang.MissingPropertyException;true;153;out1695421956075.nf;
groovy.lang.MissingPropertyException;true;154;out1695421956678.nf;
nextflow.exception.ScriptCompilationException;true;38;out1695421957577.nf;
groovy.lang.MissingPropertyException;true;155;out1695421958444.nf;
nextflow.exception.ScriptCompilationException;true;39;out1695421959044.nf;
groovy.lang.MissingPropertyException;true;156;out1695421960065.nf;
nextflow.exception.ScriptCompilationException;true;40;out1695421960980.nf;
nextflow.exception.ScriptCompilationException;true;41;out1695421961726.nf;
groovy.lang.MissingPropertyException;true;157;out1695421962169.nf;
nextflow.exception.DuplicateProcessInvocation;true;10;out1695421964373.nf;
nextflow.exception.ScriptCompilationException;true;42;out1695421965633.nf;
groovy.lang.MissingPropertyException;true;158;out1695421966808.nf;
nextflow.exception.ScriptCompilationException;true;43;out1695421967650.nf;
groovy.lang.MissingPropertyException;true;159;out1695421968190.nf;
nextflow.exception.DuplicateProcessInvocation;true;11;out1695421968821.nf;
groovy.lang.MissingPropertyException;true;160;out1695421970194.nf;
groovy.lang.MissingPropertyException;true;161;out1695421971587.nf;
groovy.lang.MissingPropertyException;true;162;out1695421972445.nf;
nextflow.exception.DuplicateProcessInvocation;true;12;out1695421972986.nf;
groovy.lang.MissingPropertyException;true;163;out1695421973472.nf;
groovy.lang.MissingPropertyException;true;164;out1695421974665.nf;
nextflow.exception.DuplicateProcessInvocation;true;13;out1695421975261.nf;
groovy.lang.MissingPropertyException;true;165;out1695421975783.nf;
groovy.lang.MissingPropertyException;true;166;out1695421977645.nf;
groovy.lang.MissingPropertyException;true;167;out1695421978397.nf;
groovy.lang.MissingPropertyException;true;168;out1695421979368.nf;
nextflow.exception.DuplicateProcessInvocation;true;14;out1695421980533.nf;
groovy.lang.MissingPropertyException;true;169;out1695421981872.nf;
nextflow.exception.ScriptCompilationException;true;44;out1695421982960.nf;
nextflow.exception.ScriptCompilationException;true;45;out1695421984015.nf;
nextflow.exception.DuplicateProcessInvocation;true;15;out1695421985132.nf;
groovy.lang.MissingPropertyException;true;170;out1695421985918.nf;
nextflow.exception.ScriptCompilationException;true;46;out1695421986957.nf;
groovy.lang.MissingPropertyException;true;171;out1695421988043.nf;
groovy.lang.MissingPropertyException;true;172;out1695421988893.nf;
groovy.lang.MissingPropertyException;true;173;out1695421989848.nf;
groovy.lang.MissingPropertyException;true;174;out1695421990583.nf;
nextflow.exception.DuplicateProcessInvocation;true;16;out1695421991707.nf;
groovy.lang.MissingPropertyException;true;175;out1695421992537.nf;
groovy.lang.MissingPropertyException;true;176;out1695421994517.nf;
nextflow.exception.ScriptCompilationException;true;47;out1695421995587.nf;
groovy.lang.MissingPropertyException;true;177;out1695421996358.nf;
groovy.lang.MissingPropertyException;true;178;out1695421997750.nf;
nextflow.exception.ScriptCompilationException;true;48;out1695421999849.nf;
groovy.lang.MissingPropertyException;true;179;out1695422004550.nf;
groovy.lang.MissingPropertyException;true;180;out1695422005660.nf;
groovy.lang.MissingPropertyException;true;181;out1695422006465.nf;
nextflow.exception.DuplicateProcessInvocation;true;17;out1695422007663.nf;
nextflow.exception.ScriptCompilationException;true;49;out1695422008247.nf;
nextflow.exception.DuplicateProcessInvocation;true;18;out1695422009604.nf;
groovy.lang.MissingPropertyException;true;182;out1695422012858.nf;
groovy.lang.MissingPropertyException;true;183;out1695422014462.nf;
groovy.lang.MissingPropertyException;true;184;out1695422016207.nf;
nextflow.exception.ScriptCompilationException;true;50;out1695422016723.nf;
groovy.lang.MissingPropertyException;true;185;out1695422017302.nf;
groovy.lang.MissingPropertyException;true;186;out1695422019404.nf;
groovy.lang.MissingPropertyException;true;187;out1695422020254.nf;
groovy.lang.MissingPropertyException;true;188;out1695422021140.nf;
groovy.lang.MissingPropertyException;true;189;out1695422021906.nf;
groovy.lang.MissingPropertyException;true;190;out1695422023166.nf;
groovy.lang.MissingPropertyException;true;191;out1695422024216.nf;
groovy.lang.MissingPropertyException;true;192;out1695422025321.nf;
groovy.lang.MissingPropertyException;true;193;out1695422026074.nf;
nextflow.exception.DuplicateProcessInvocation;true;19;out1695422026852.nf;
nextflow.exception.ScriptCompilationException;true;51;out1695422029081.nf;
groovy.lang.MissingPropertyException;true;194;out1695422030005.nf;
nextflow.exception.DuplicateProcessInvocation;true;20;out1695422031129.nf;
nextflow.exception.ScriptCompilationException;true;52;out1695422031848.nf;
groovy.lang.MissingPropertyException;true;195;out1695422032812.nf;
groovy.lang.MissingPropertyException;true;196;out1695422033939.nf;
nextflow.exception.ScriptCompilationException;true;53;out1695422035962.nf;
groovy.lang.MissingPropertyException;true;197;out1695422036752.nf;
groovy.lang.MissingPropertyException;true;198;out1695422037536.nf;
groovy.lang.MissingPropertyException;true;199;out1695422039000.nf;
nextflow.exception.DuplicateProcessInvocation;true;21;out1695422042306.nf;
nextflow.exception.ScriptCompilationException;true;54;out1695422045032.nf;
nextflow.exception.ScriptCompilationException;true;55;out1695422046109.nf;
groovy.lang.MissingPropertyException;true;200;out1695422047001.nf;
groovy.lang.MissingPropertyException;true;201;out1695422047917.nf;
nextflow.exception.ScriptCompilationException;true;56;out1695422048859.nf;
nextflow.exception.ScriptCompilationException;true;57;out1695422049988.nf;
groovy.lang.MissingPropertyException;true;202;out1695422051075.nf;
nextflow.exception.ScriptCompilationException;true;58;out1695422051727.nf;
nextflow.exception.ScriptCompilationException;true;59;out1695422052540.nf;
groovy.lang.MissingPropertyException;true;203;out1695422053590.nf;
groovy.lang.MissingPropertyException;true;204;out1695422055316.nf;
groovy.lang.MissingPropertyException;true;205;out1695422055861.nf;
groovy.lang.MissingPropertyException;true;206;out1695422056554.nf;
groovy.lang.MissingPropertyException;true;207;out1695422057174.nf;
groovy.lang.MissingPropertyException;true;208;out1695422058345.nf;
groovy.lang.MissingPropertyException;true;209;out1695422058890.nf;
groovy.lang.MissingPropertyException;true;210;out1695422060245.nf;
nextflow.exception.ScriptCompilationException;true;60;out1695422061670.nf;
groovy.lang.MissingPropertyException;true;211;out1695422062610.nf;
groovy.lang.MissingPropertyException;true;212;out1695422065239.nf;
groovy.lang.MissingPropertyException;true;213;out1695422065969.nf;
groovy.lang.MissingPropertyException;true;214;out1695422066600.nf;
groovy.lang.MissingPropertyException;true;215;out1695422067461.nf;
groovy.lang.MissingPropertyException;true;216;out1695422068135.nf;
nextflow.exception.ScriptCompilationException;true;61;out1695422068823.nf;
groovy.lang.MissingPropertyException;true;217;out1695422070041.nf;
groovy.lang.MissingPropertyException;true;218;out1695422071115.nf;
groovy.lang.MissingPropertyException;true;219;out1695422072645.nf;
nextflow.exception.ScriptCompilationException;true;62;out1695422073772.nf;
nextflow.exception.DuplicateProcessInvocation;true;22;out1695422075500.nf;
groovy.lang.MissingPropertyException;true;220;out1695422076510.nf;
nextflow.exception.ScriptCompilationException;true;63;out1695422077117.nf;
nextflow.exception.ScriptCompilationException;true;64;out1695422078163.nf;
groovy.lang.MissingPropertyException;true;221;out1695422080550.nf;
groovy.lang.MissingPropertyException;true;222;out1695422083505.nf;
groovy.lang.MissingPropertyException;true;223;out1695422084136.nf;
nextflow.exception.ScriptCompilationException;true;65;out1695422085141.nf;
groovy.lang.MissingPropertyException;true;224;out1695422087208.nf;
groovy.lang.MissingPropertyException;true;225;out1695422088747.nf;
groovy.lang.MissingPropertyException;true;226;out1695422091061.nf;
nextflow.exception.ScriptCompilationException;true;66;out1695422093604.nf;
nextflow.exception.DuplicateProcessInvocation;true;23;out1695422094940.nf;
groovy.lang.MissingPropertyException;true;227;out1695422096568.nf;
groovy.lang.MissingPropertyException;true;228;out1695422097736.nf;
groovy.lang.MissingPropertyException;true;229;out1695422100727.nf;
groovy.lang.MissingPropertyException;true;230;out1695422102803.nf;
groovy.lang.MissingPropertyException;true;231;out1695422104156.nf;
groovy.lang.MissingPropertyException;true;232;out1695422107521.nf;
groovy.lang.MissingPropertyException;true;233;out1695422109750.nf;
nextflow.exception.ScriptCompilationException;true;67;out1695422111214.nf;
groovy.lang.MissingPropertyException;true;234;out1695422112766.nf;
groovy.lang.MissingPropertyException;true;235;out1695422114848.nf;
groovy.lang.MissingPropertyException;true;236;out1695422115889.nf;
groovy.lang.MissingPropertyException;true;237;out1695422117250.nf;
nextflow.exception.ScriptCompilationException;true;68;out1695422118586.nf;
groovy.lang.MissingPropertyException;true;238;out1695422119559.nf;
groovy.lang.MissingPropertyException;true;239;out1695422120447.nf;
nextflow.exception.DuplicateProcessInvocation;true;24;out1695422124345.nf;
groovy.lang.MissingPropertyException;true;240;out1695422125024.nf;
groovy.lang.MissingPropertyException;true;241;out1695422125642.nf;
nextflow.exception.DuplicateProcessInvocation;true;25;out1695422127026.nf;
groovy.lang.MissingPropertyException;true;242;out1695422129308.nf;
groovy.lang.MissingPropertyException;true;243;out1695422130174.nf;
groovy.lang.MissingPropertyException;true;244;out1695422132068.nf;
nextflow.exception.ScriptCompilationException;true;69;out1695422133245.nf;
groovy.lang.MissingPropertyException;true;245;out1695422133994.nf;
groovy.lang.MissingPropertyException;true;246;out1695422135467.nf;
nextflow.exception.DuplicateProcessInvocation;true;26;out1695422137760.nf;
groovy.lang.MissingPropertyException;true;247;out1695422140540.nf;
groovy.lang.MissingPropertyException;true;248;out1695422141454.nf;
groovy.lang.MissingPropertyException;true;249;out1695422144057.nf;
nextflow.exception.ScriptCompilationException;true;70;out1695422145442.nf;
groovy.lang.MissingPropertyException;true;250;out1695422148404.nf;
nextflow.exception.ScriptCompilationException;true;71;out1695422149602.nf;
groovy.lang.MissingPropertyException;true;251;out1695422151920.nf;
nextflow.exception.ScriptCompilationException;true;72;out1695422152551.nf;
groovy.lang.MissingPropertyException;true;252;out1695422155004.nf;
groovy.lang.MissingPropertyException;true;253;out1695422156525.nf;
groovy.lang.MissingPropertyException;true;254;out1695422158053.nf;
nextflow.exception.ScriptCompilationException;true;73;out1695422160764.nf;
groovy.lang.MissingPropertyException;true;255;out1695422161458.nf;
groovy.lang.MissingPropertyException;true;256;out1695422162401.nf;
groovy.lang.MissingPropertyException;true;257;out1695422164671.nf;
nextflow.exception.ScriptCompilationException;true;74;out1695422165430.nf;
groovy.lang.MissingPropertyException;true;258;out1695422166632.nf;
groovy.lang.MissingPropertyException;true;259;out1695422169453.nf;
nextflow.exception.ScriptCompilationException;true;75;out1695422170485.nf;
groovy.lang.MissingPropertyException;true;260;out1695422172457.nf;
groovy.lang.MissingPropertyException;true;261;out1695422174256.nf;
nextflow.exception.ScriptCompilationException;true;76;out1695422175635.nf;
nextflow.exception.ScriptCompilationException;true;77;out1695422176950.nf;
groovy.lang.MissingPropertyException;true;262;out1695422178330.nf;
nextflow.exception.ScriptCompilationException;true;78;out1695422179804.nf;
groovy.lang.MissingPropertyException;true;263;out1695422182420.nf;
groovy.lang.MissingPropertyException;true;264;out1695422183818.nf;
groovy.lang.MissingPropertyException;true;265;out1695422184741.nf;
nextflow.exception.ScriptCompilationException;true;79;out1695422187166.nf;
groovy.lang.MissingPropertyException;true;266;out1695422187870.nf;
nextflow.exception.ScriptCompilationException;true;80;out1695422188639.nf;
groovy.lang.MissingPropertyException;true;267;out1695422191236.nf;
groovy.lang.MissingPropertyException;true;268;out1695422192046.nf;
groovy.lang.MissingPropertyException;true;269;out1695422192891.nf;
groovy.lang.MissingPropertyException;true;270;out1695422195078.nf;
groovy.lang.MissingPropertyException;true;271;out1695422196600.nf;
groovy.lang.MissingPropertyException;true;272;out1695422198904.nf;
groovy.lang.MissingPropertyException;true;273;out1695422200204.nf;
groovy.lang.MissingPropertyException;true;274;out1695422201972.nf;
groovy.lang.MissingPropertyException;true;275;out1695422203030.nf;
groovy.lang.MissingPropertyException;true;276;out1695422205836.nf;
groovy.lang.MissingPropertyException;true;277;out1695422212955.nf;
groovy.lang.MissingPropertyException;true;278;out1695422215122.nf;
groovy.lang.MissingPropertyException;true;279;out1695422218158.nf;
nextflow.exception.ScriptCompilationException;true;81;out1695422219891.nf;
groovy.lang.MissingPropertyException;true;280;out1695422221248.nf;
groovy.lang.MissingPropertyException;true;281;out1695422223294.nf;
nextflow.exception.ScriptCompilationException;true;82;out1695422224289.nf;
nextflow.exception.ScriptCompilationException;true;83;out1695422225430.nf;
groovy.lang.MissingPropertyException;true;282;out1695422227153.nf;
groovy.lang.MissingPropertyException;true;283;out1695422227952.nf;
nextflow.exception.DuplicateProcessInvocation;true;27;out1695422229710.nf;
groovy.lang.MissingPropertyException;true;284;out1695422233773.nf;
groovy.lang.MissingPropertyException;true;285;out1695422235472.nf;
groovy.lang.MissingPropertyException;true;286;out1695422238482.nf;
groovy.lang.MissingPropertyException;true;287;out1695422239238.nf;
groovy.lang.MissingPropertyException;true;288;out1695422241144.nf;
groovy.lang.MissingPropertyException;true;289;out1695422241951.nf;
groovy.lang.MissingPropertyException;true;290;out1695422244622.nf;
groovy.lang.MissingPropertyException;true;291;out1695422245964.nf;
groovy.lang.MissingPropertyException;true;292;out1695422247506.nf;
groovy.lang.MissingPropertyException;true;293;out1695422248262.nf;
groovy.lang.MissingPropertyException;true;294;out1695422249516.nf;
nextflow.exception.ScriptCompilationException;true;84;out1695422250363.nf;
groovy.lang.MissingPropertyException;true;295;out1695422252261.nf;
groovy.lang.MissingPropertyException;true;296;out1695422253209.nf;
groovy.lang.MissingPropertyException;false;297;out1695422254232.nf;
groovy.lang.MissingPropertyException;true;298;out1695422257067.nf;
groovy.lang.MissingPropertyException;true;299;out1695422258125.nf;
groovy.lang.MissingPropertyException;true;300;out1695422261259.nf;
groovy.lang.MissingPropertyException;true;301;out1695422263785.nf;
nextflow.exception.ScriptCompilationException;true;85;out1695422264518.nf;
nextflow.exception.ScriptCompilationException;true;86;out1695422266977.nf;
nextflow.exception.ScriptCompilationException;true;87;out1695422270743.nf;
groovy.lang.MissingPropertyException;true;302;out1695422271840.nf;
groovy.lang.MissingPropertyException;true;303;out1695422274686.nf;
groovy.lang.MissingPropertyException;true;304;out1695422276274.nf;
groovy.lang.MissingPropertyException;true;305;out1695422278700.nf;
groovy.lang.MissingPropertyException;true;306;out1695422280906.nf;
groovy.lang.MissingPropertyException;true;307;out1695422282384.nf;
groovy.lang.MissingPropertyException;true;308;out1695422283605.nf;
groovy.lang.MissingPropertyException;true;309;out1695422284405.nf;
groovy.lang.MissingPropertyException;true;310;out1695422285297.nf;
nextflow.exception.ScriptCompilationException;true;88;out1695422286080.nf;
groovy.lang.MissingPropertyException;true;311;out1695422286871.nf;
groovy.lang.MissingPropertyException;true;312;out1695422287846.nf;
groovy.lang.MissingPropertyException;true;313;out1695422289895.nf;
groovy.lang.MissingPropertyException;true;314;out1695422291162.nf;
groovy.lang.MissingPropertyException;true;315;out1695422292301.nf;
nextflow.exception.DuplicateProcessInvocation;true;28;out1695422293288.nf;
nextflow.exception.ScriptCompilationException;true;89;out1695422294446.nf;
groovy.lang.MissingPropertyException;true;316;out1695422295825.nf;
nextflow.exception.ScriptCompilationException;true;90;out1695422298161.nf;
groovy.lang.MissingPropertyException;true;317;out1695422298983.nf;
groovy.lang.MissingPropertyException;true;318;out1695422300527.nf;
groovy.lang.MissingPropertyException;true;319;out1695422303805.nf;
groovy.lang.MissingPropertyException;true;320;out1695422304652.nf;
groovy.lang.MissingPropertyException;true;321;out1695422307179.nf;
nextflow.exception.ScriptCompilationException;true;91;out1695422312966.nf;
groovy.lang.MissingPropertyException;true;322;out1695422314457.nf;
nextflow.exception.ScriptCompilationException;true;92;out1695422318499.nf;
groovy.lang.MissingPropertyException;true;323;out1695422319337.nf;
nextflow.exception.DuplicateProcessInvocation;true;29;out1695422322708.nf;
groovy.lang.MissingPropertyException;true;324;out1695422323615.nf;
groovy.lang.MissingPropertyException;true;325;out1695422324868.nf;
nextflow.exception.ScriptCompilationException;true;93;out1695422327901.nf;
groovy.lang.MissingPropertyException;true;326;out1695422328883.nf;
nextflow.exception.DuplicateProcessInvocation;true;30;out1695422331607.nf;
groovy.lang.MissingPropertyException;true;327;out1695422332522.nf;
groovy.lang.MissingPropertyException;true;328;out1695422333921.nf;
groovy.lang.MissingPropertyException;true;329;out1695422341376.nf;
nextflow.exception.ScriptCompilationException;true;94;out1695422343459.nf;
nextflow.exception.ScriptCompilationException;true;95;out1695422344569.nf;
nextflow.exception.ScriptCompilationException;true;96;out1695422346072.nf;
groovy.lang.MissingPropertyException;true;330;out1695422347775.nf;
groovy.lang.MissingPropertyException;true;331;out1695422349218.nf;
nextflow.exception.DuplicateProcessInvocation;true;31;out1695422350557.nf;
nextflow.exception.ScriptCompilationException;true;97;out1695422351905.nf;
groovy.lang.MissingPropertyException;true;332;out1695422352820.nf;
groovy.lang.MissingPropertyException;true;333;out1695422357251.nf;
groovy.lang.MissingPropertyException;true;334;out1695422360436.nf;
groovy.lang.MissingPropertyException;true;335;out1695422361304.nf;
nextflow.exception.DuplicateProcessInvocation;true;32;out1695422362215.nf;
groovy.lang.MissingPropertyException;true;336;out1695422363602.nf;
groovy.lang.MissingPropertyException;true;337;out1695422364632.nf;
nextflow.exception.ScriptCompilationException;true;98;out1695422367002.nf;
groovy.lang.MissingPropertyException;true;338;out1695422368130.nf;
groovy.lang.MissingPropertyException;true;339;out1695422369138.nf;
groovy.lang.MissingPropertyException;true;340;out1695422371648.nf;
nextflow.exception.ScriptCompilationException;true;99;out1695422374415.nf;
nextflow.exception.ScriptCompilationException;true;100;out1695422377823.nf;
groovy.lang.MissingPropertyException;true;341;out1695422379219.nf;
groovy.lang.MissingPropertyException;true;342;out1695422543244.nf;
groovy.lang.MissingPropertyException;true;343;out1695422611605.nf;
groovy.lang.MissingPropertyException;true;344;out1695422827788.nf;
groovy.lang.MissingPropertyException;true;345;out1695422876842.nf;
nextflow.exception.DuplicateProcessInvocation;true;33;out1695422959774.nf;
groovy.lang.MissingPropertyException;true;346;out1695422979749.nf;
nextflow.exception.DuplicateProcessInvocation;false;34;out1695423214862.nf;
groovy.lang.MissingPropertyException;false;347;out1695423435255.nf;
groovy.lang.MissingPropertyException;true;348;out1695423471571.nf;
groovy.lang.MissingPropertyException;true;349;out1695423612210.nf;
groovy.lang.MissingPropertyException;false;350;out1695423767761.nf;
groovy.lang.MissingPropertyException;true;351;out1695423827860.nf;
groovy.lang.MissingPropertyException;false;352;out1695423949339.nf;
groovy.lang.MissingPropertyException;true;353;out1695424072627.nf;
groovy.lang.MissingPropertyException;true;354;out1695424424728.nf;
groovy.lang.MissingPropertyException;false;355;out1695424729845.nf;
groovy.lang.MissingPropertyException;true;356;out1695425029960.nf;
groovy.lang.MissingPropertyException;false;357;out1695425101374.nf;
groovy.lang.MissingPropertyException;false;358;out1695425130421.nf;
