nextflow.exception.ScriptCompilationException;true;1;out1694845563820.nf;
groovy.lang.MissingPropertyException;true;1;out1694845569268.nf;
groovy.lang.MissingPropertyException;true;2;out1694845571462.nf;
groovy.lang.MissingPropertyException;true;3;out1694845571906.nf;
groovy.lang.MissingPropertyException;true;4;out1694845572256.nf;
groovy.lang.MissingPropertyException;true;5;out1694845572909.nf;
nextflow.exception.ScriptCompilationException;true;2;out1694845573631.nf;
groovy.lang.MissingPropertyException;true;6;out1694845574669.nf;
nextflow.exception.ScriptCompilationException;true;3;out1694845575614.nf;
groovy.lang.MissingPropertyException;true;7;out1694845576311.nf;
groovy.lang.MissingPropertyException;true;8;out1694845576739.nf;
groovy.lang.MissingPropertyException;true;9;out1694845577221.nf;
groovy.lang.MissingPropertyException;true;10;out1694845577912.nf;
nextflow.exception.ScriptCompilationException;true;4;out1694845578523.nf;
groovy.lang.MissingPropertyException;true;11;out1694845578930.nf;
nextflow.exception.ScriptCompilationException;true;5;out1694845579308.nf;
groovy.lang.MissingPropertyException;true;12;out1694845579750.nf;
groovy.lang.MissingPropertyException;true;13;out1694845580005.nf;
nextflow.exception.ScriptCompilationException;true;6;out1694845580320.nf;
nextflow.exception.ScriptCompilationException;true;7;out1694845580406.nf;
groovy.lang.MissingPropertyException;true;14;out1694845580733.nf;
groovy.lang.MissingPropertyException;true;15;out1694845581219.nf;
groovy.lang.MissingPropertyException;true;16;out1694845581518.nf;
groovy.lang.MissingPropertyException;true;17;out1694845583524.nf;
nextflow.exception.ScriptCompilationException;true;8;out1694845583902.nf;
groovy.lang.MissingPropertyException;true;18;out1694845584162.nf;
groovy.lang.MissingPropertyException;true;19;out1694845584527.nf;
nextflow.exception.ScriptCompilationException;true;9;out1694845584872.nf;
groovy.lang.MissingPropertyException;true;20;out1694845585255.nf;
groovy.lang.MissingPropertyException;true;21;out1694845585706.nf;
nextflow.exception.ScriptCompilationException;true;10;out1694845586244.nf;
groovy.lang.MissingPropertyException;true;22;out1694845586558.nf;
groovy.lang.MissingPropertyException;true;23;out1694845587236.nf;
groovy.lang.MissingPropertyException;true;24;out1694845587844.nf;
nextflow.exception.ScriptCompilationException;true;11;out1694845588540.nf;
groovy.lang.MissingPropertyException;true;25;out1694845588627.nf;
groovy.lang.MissingPropertyException;true;26;out1694845589440.nf;
groovy.lang.MissingPropertyException;true;27;out1694845590010.nf;
groovy.lang.MissingPropertyException;true;28;out1694845590437.nf;
nextflow.exception.ScriptCompilationException;true;12;out1694845590779.nf;
nextflow.exception.ScriptCompilationException;true;13;out1694845591059.nf;
nextflow.exception.ScriptCompilationException;true;14;out1694845591513.nf;
groovy.lang.MissingPropertyException;true;29;out1694845591937.nf;
groovy.lang.MissingPropertyException;true;30;out1694845592308.nf;
groovy.lang.MissingPropertyException;true;31;out1694845592611.nf;
groovy.lang.MissingPropertyException;true;32;out1694845593059.nf;
groovy.lang.MissingPropertyException;true;33;out1694845593407.nf;
groovy.lang.MissingPropertyException;true;34;out1694845593646.nf;
groovy.lang.MissingPropertyException;true;35;out1694845593915.nf;
groovy.lang.MissingPropertyException;true;36;out1694845594258.nf;
groovy.lang.MissingPropertyException;true;37;out1694845595324.nf;
groovy.lang.MissingPropertyException;true;38;out1694845595946.nf;
groovy.lang.MissingPropertyException;true;39;out1694845596436.nf;
nextflow.exception.DuplicateProcessInvocation;true;1;out1694845596868.nf;
groovy.lang.MissingPropertyException;true;40;out1694845597347.nf;
groovy.lang.MissingPropertyException;true;41;out1694845597824.nf;
nextflow.exception.AbortRunException;true;1;out1694845598355.nf;
groovy.lang.MissingPropertyException;true;42;out1694845598929.nf;
nextflow.exception.ScriptCompilationException;true;15;out1694845599327.nf;
groovy.lang.MissingPropertyException;true;43;out1694845599867.nf;
groovy.lang.MissingPropertyException;true;44;out1694845600237.nf;
nextflow.exception.ScriptCompilationException;true;16;out1694845600656.nf;
groovy.lang.MissingPropertyException;true;45;out1694845600929.nf;
groovy.lang.MissingPropertyException;true;46;out1694845601620.nf;
groovy.lang.MissingPropertyException;true;47;out1694845601874.nf;
groovy.lang.MissingPropertyException;true;48;out1694845602135.nf;
groovy.lang.MissingPropertyException;true;49;out1694845602546.nf;
groovy.lang.MissingPropertyException;true;50;out1694845603106.nf;
nextflow.exception.ScriptCompilationException;true;17;out1694845603429.nf;
groovy.lang.MissingPropertyException;true;51;out1694845604244.nf;
groovy.lang.MissingPropertyException;true;52;out1694845604527.nf;
groovy.lang.MissingPropertyException;true;53;out1694845604855.nf;
nextflow.exception.ScriptCompilationException;true;18;out1694845605301.nf;
groovy.lang.MissingPropertyException;true;54;out1694845605645.nf;
groovy.lang.MissingPropertyException;true;55;out1694845606042.nf;
nextflow.exception.ScriptCompilationException;true;19;out1694845606452.nf;
groovy.lang.MissingPropertyException;true;56;out1694845606664.nf;
nextflow.exception.ScriptCompilationException;true;20;out1694845606956.nf;
groovy.lang.MissingPropertyException;true;57;out1694845607468.nf;
groovy.lang.MissingPropertyException;true;58;out1694845608477.nf;
groovy.lang.MissingPropertyException;true;59;out1694845608888.nf;
nextflow.exception.ScriptCompilationException;true;21;out1694845609306.nf;
groovy.lang.MissingPropertyException;true;60;out1694845609624.nf;
nextflow.exception.ScriptCompilationException;true;22;out1694845609985.nf;
groovy.lang.MissingPropertyException;true;61;out1694845610257.nf;
nextflow.exception.ScriptCompilationException;true;23;out1694845610824.nf;
groovy.lang.MissingPropertyException;true;62;out1694845611142.nf;
groovy.lang.MissingPropertyException;true;63;out1694845611391.nf;
nextflow.exception.ScriptCompilationException;true;24;out1694845611639.nf;
groovy.lang.MissingPropertyException;true;64;out1694845612162.nf;
groovy.lang.MissingPropertyException;true;65;out1694845612750.nf;
nextflow.exception.ScriptCompilationException;true;25;out1694845613042.nf;
groovy.lang.MissingPropertyException;true;66;out1694845613280.nf;
nextflow.exception.ScriptCompilationException;true;26;out1694845613556.nf;
groovy.lang.MissingPropertyException;true;67;out1694845613867.nf;
groovy.lang.MissingPropertyException;true;68;out1694845614278.nf;
groovy.lang.MissingPropertyException;true;69;out1694845614514.nf;
groovy.lang.MissingPropertyException;true;70;out1694845614761.nf;
groovy.lang.MissingPropertyException;true;71;out1694845615059.nf;
groovy.lang.MissingPropertyException;true;72;out1694845615409.nf;
groovy.lang.MissingPropertyException;true;73;out1694845615700.nf;
groovy.lang.MissingPropertyException;true;74;out1694845615964.nf;
groovy.lang.MissingPropertyException;true;75;out1694845617028.nf;
nextflow.exception.ScriptCompilationException;true;27;out1694845617362.nf;
nextflow.exception.ScriptCompilationException;true;28;out1694845617427.nf;
groovy.lang.MissingPropertyException;true;76;out1694845617562.nf;
groovy.lang.MissingPropertyException;true;77;out1694845617858.nf;
groovy.lang.MissingPropertyException;true;78;out1694845618322.nf;
nextflow.exception.ScriptCompilationException;true;29;out1694845618706.nf;
nextflow.exception.ScriptCompilationException;true;30;out1694845618871.nf;
groovy.lang.MissingPropertyException;true;79;out1694845619152.nf;
groovy.lang.MissingPropertyException;true;80;out1694845619576.nf;
groovy.lang.MissingPropertyException;true;81;out1694845619865.nf;
groovy.lang.MissingPropertyException;true;82;out1694845620142.nf;
groovy.lang.MissingPropertyException;true;83;out1694845620417.nf;
groovy.lang.MissingPropertyException;true;84;out1694845620727.nf;
groovy.lang.MissingPropertyException;true;85;out1694845621203.nf;
nextflow.exception.DuplicateProcessInvocation;true;2;out1694845621455.nf;
groovy.lang.MissingPropertyException;true;86;out1694845621709.nf;
groovy.lang.MissingPropertyException;true;87;out1694845622011.nf;
groovy.lang.MissingPropertyException;true;88;out1694845623138.nf;
groovy.lang.MissingPropertyException;true;89;out1694845623641.nf;
groovy.lang.MissingPropertyException;true;90;out1694845623962.nf;
groovy.lang.MissingPropertyException;true;91;out1694845624243.nf;
groovy.lang.MissingPropertyException;true;92;out1694845624642.nf;
groovy.lang.MissingPropertyException;true;93;out1694845624906.nf;
groovy.lang.MissingPropertyException;true;94;out1694845625255.nf;
nextflow.exception.DuplicateProcessInvocation;true;3;out1694845625712.nf;
groovy.lang.MissingPropertyException;true;95;out1694845626245.nf;
groovy.lang.MissingPropertyException;true;96;out1694845626532.nf;
nextflow.exception.ScriptCompilationException;true;31;out1694845626619.nf;
groovy.lang.MissingPropertyException;true;97;out1694845626974.nf;
groovy.lang.MissingPropertyException;true;98;out1694845627242.nf;
groovy.lang.MissingPropertyException;true;99;out1694845627821.nf;
groovy.lang.MissingPropertyException;true;100;out1694845628125.nf;
groovy.lang.MissingPropertyException;true;101;out1694845628333.nf;
groovy.lang.MissingPropertyException;true;102;out1694845628654.nf;
nextflow.exception.ScriptCompilationException;true;32;out1694845628972.nf;
groovy.lang.MissingPropertyException;true;103;out1694845629060.nf;
groovy.lang.MissingPropertyException;true;104;out1694845629751.nf;
groovy.lang.MissingPropertyException;true;105;out1694845630107.nf;
nextflow.exception.ScriptCompilationException;true;33;out1694845630350.nf;
nextflow.exception.ScriptCompilationException;true;34;out1694845630747.nf;
groovy.lang.MissingPropertyException;true;106;out1694845631112.nf;
groovy.lang.MissingPropertyException;true;107;out1694845631427.nf;
groovy.lang.MissingPropertyException;true;108;out1694845631751.nf;
groovy.lang.MissingPropertyException;true;109;out1694845632030.nf;
groovy.lang.MissingPropertyException;true;110;out1694845632481.nf;
nextflow.exception.DuplicateProcessInvocation;true;4;out1694845632841.nf;
groovy.lang.MissingPropertyException;true;111;out1694845633402.nf;
groovy.lang.MissingPropertyException;true;112;out1694845633726.nf;
groovy.lang.MissingPropertyException;true;113;out1694845634056.nf;
groovy.lang.MissingPropertyException;true;114;out1694845634330.nf;
groovy.lang.MissingPropertyException;true;115;out1694845634677.nf;
groovy.lang.MissingPropertyException;true;116;out1694845635471.nf;
groovy.lang.MissingPropertyException;true;117;out1694845635736.nf;
groovy.lang.MissingPropertyException;true;118;out1694845636174.nf;
groovy.lang.MissingPropertyException;true;119;out1694845636607.nf;
groovy.lang.MissingPropertyException;true;120;out1694845636918.nf;
groovy.lang.MissingPropertyException;true;121;out1694845637163.nf;
groovy.lang.MissingPropertyException;true;122;out1694845637537.nf;
groovy.lang.MissingPropertyException;true;123;out1694845638062.nf;
groovy.lang.MissingPropertyException;true;124;out1694845638355.nf;
groovy.lang.MissingPropertyException;true;125;out1694845640721.nf;
nextflow.exception.ScriptCompilationException;true;35;out1694845641123.nf;
groovy.lang.MissingPropertyException;true;126;out1694845641389.nf;
groovy.lang.MissingPropertyException;true;127;out1694845641709.nf;
groovy.lang.MissingPropertyException;true;128;out1694845642407.nf;
groovy.lang.MissingPropertyException;true;129;out1694845642650.nf;
nextflow.exception.ScriptCompilationException;true;36;out1694845644253.nf;
groovy.lang.MissingPropertyException;true;130;out1694845645120.nf;
nextflow.exception.ScriptCompilationException;true;37;out1694845645680.nf;
groovy.lang.MissingPropertyException;true;131;out1694845646110.nf;
nextflow.exception.ScriptCompilationException;true;38;out1694845646461.nf;
groovy.lang.MissingPropertyException;true;132;out1694845646532.nf;
groovy.lang.MissingPropertyException;true;133;out1694845646967.nf;
groovy.lang.MissingPropertyException;true;134;out1694845647371.nf;
nextflow.exception.ScriptCompilationException;true;39;out1694845647885.nf;
groovy.lang.MissingPropertyException;true;135;out1694845648008.nf;
groovy.lang.MissingPropertyException;true;136;out1694845648258.nf;
groovy.lang.MissingPropertyException;true;137;out1694845649012.nf;
groovy.lang.MissingPropertyException;true;138;out1694845649567.nf;
groovy.lang.MissingPropertyException;true;139;out1694845649816.nf;
groovy.lang.MissingPropertyException;true;140;out1694845650133.nf;
nextflow.exception.DuplicateProcessInvocation;true;5;out1694845650444.nf;
nextflow.exception.ScriptCompilationException;true;40;out1694845650910.nf;
nextflow.exception.ScriptCompilationException;true;41;out1694845651332.nf;
nextflow.exception.ScriptCompilationException;true;42;out1694845651572.nf;
groovy.lang.MissingPropertyException;true;141;out1694845651901.nf;
groovy.lang.MissingPropertyException;true;142;out1694845652239.nf;
groovy.lang.MissingPropertyException;true;143;out1694845652868.nf;
groovy.lang.MissingPropertyException;true;144;out1694845653155.nf;
groovy.lang.MissingPropertyException;true;145;out1694845654773.nf;
nextflow.exception.DuplicateProcessInvocation;true;6;out1694845655314.nf;
groovy.lang.MissingPropertyException;true;146;out1694845655725.nf;
nextflow.exception.ScriptCompilationException;true;43;out1694845656152.nf;
groovy.lang.MissingPropertyException;true;147;out1694845656934.nf;
groovy.lang.MissingPropertyException;true;148;out1694845657311.nf;
groovy.lang.MissingPropertyException;true;149;out1694845657643.nf;
nextflow.exception.DuplicateProcessInvocation;true;7;out1694845658117.nf;
groovy.lang.MissingPropertyException;true;150;out1694845658540.nf;
nextflow.exception.DuplicateProcessInvocation;true;8;out1694845658810.nf;
nextflow.exception.ScriptCompilationException;true;44;out1694845659091.nf;
groovy.lang.MissingPropertyException;true;151;out1694845660364.nf;
nextflow.exception.ScriptCompilationException;true;45;out1694845660754.nf;
groovy.lang.MissingPropertyException;true;152;out1694845661005.nf;
groovy.lang.MissingPropertyException;true;153;out1694845661310.nf;
groovy.lang.MissingPropertyException;true;154;out1694845662410.nf;
nextflow.exception.ScriptCompilationException;true;46;out1694845662773.nf;
groovy.lang.MissingPropertyException;true;155;out1694845663043.nf;
nextflow.exception.ScriptCompilationException;true;47;out1694845663408.nf;
groovy.lang.MissingPropertyException;true;156;out1694845663444.nf;
nextflow.exception.ScriptCompilationException;true;48;out1694845663853.nf;
groovy.lang.MissingPropertyException;true;157;out1694845664283.nf;
groovy.lang.MissingPropertyException;true;158;out1694845664569.nf;
groovy.lang.MissingPropertyException;true;159;out1694845665043.nf;
groovy.lang.MissingPropertyException;true;160;out1694845665365.nf;
groovy.lang.MissingPropertyException;true;161;out1694845666055.nf;
nextflow.exception.ScriptCompilationException;true;49;out1694845666507.nf;
groovy.lang.MissingPropertyException;true;162;out1694845666759.nf;
groovy.lang.MissingPropertyException;true;163;out1694845667262.nf;
nextflow.exception.ScriptCompilationException;true;50;out1694845667588.nf;
groovy.lang.MissingPropertyException;true;164;out1694845667812.nf;
groovy.lang.MissingPropertyException;true;165;out1694845668275.nf;
groovy.lang.MissingPropertyException;true;166;out1694845668567.nf;
groovy.lang.MissingPropertyException;true;167;out1694845671460.nf;
groovy.lang.MissingPropertyException;true;168;out1694845672067.nf;
nextflow.exception.DuplicateProcessInvocation;true;9;out1694845672389.nf;
nextflow.exception.ScriptCompilationException;true;51;out1694845672718.nf;
groovy.lang.MissingPropertyException;true;169;out1694845673118.nf;
nextflow.exception.ScriptCompilationException;true;52;out1694845673375.nf;
groovy.lang.MissingPropertyException;true;170;out1694845673728.nf;
groovy.lang.MissingPropertyException;true;171;out1694845673972.nf;
nextflow.exception.ScriptCompilationException;true;53;out1694845674232.nf;
nextflow.exception.ScriptCompilationException;true;54;out1694845674506.nf;
groovy.lang.MissingPropertyException;true;172;out1694845674783.nf;
groovy.lang.MissingPropertyException;true;173;out1694845675106.nf;
groovy.lang.MissingPropertyException;true;174;out1694845675418.nf;
groovy.lang.MissingPropertyException;true;175;out1694845675678.nf;
nextflow.exception.ScriptCompilationException;true;55;out1694845675969.nf;
groovy.lang.MissingPropertyException;true;176;out1694845676247.nf;
groovy.lang.MissingPropertyException;true;177;out1694845677069.nf;
nextflow.exception.ScriptCompilationException;true;56;out1694845677419.nf;
groovy.lang.MissingPropertyException;true;178;out1694845677705.nf;
nextflow.exception.ScriptCompilationException;true;57;out1694845678127.nf;
groovy.lang.MissingPropertyException;true;179;out1694845678278.nf;
groovy.lang.MissingPropertyException;true;180;out1694845678618.nf;
groovy.lang.MissingPropertyException;true;181;out1694845679009.nf;
nextflow.exception.ScriptCompilationException;true;58;out1694845679276.nf;
nextflow.exception.DuplicateProcessInvocation;true;10;out1694845679875.nf;
groovy.lang.MissingPropertyException;true;182;out1694845680263.nf;
groovy.lang.MissingPropertyException;true;183;out1694845680640.nf;
nextflow.exception.ScriptCompilationException;true;59;out1694845681087.nf;
groovy.lang.MissingPropertyException;true;184;out1694845681428.nf;
nextflow.exception.ScriptCompilationException;true;60;out1694845681755.nf;
groovy.lang.MissingPropertyException;true;185;out1694845682014.nf;
groovy.lang.MissingPropertyException;true;186;out1694845682267.nf;
groovy.lang.MissingPropertyException;true;187;out1694845682735.nf;
groovy.lang.MissingPropertyException;true;188;out1694845683157.nf;
groovy.lang.MissingPropertyException;true;189;out1694845683453.nf;
groovy.lang.MissingPropertyException;true;190;out1694845683730.nf;
nextflow.exception.ScriptCompilationException;true;61;out1694845684006.nf;
groovy.lang.MissingPropertyException;true;191;out1694845684229.nf;
groovy.lang.MissingPropertyException;true;192;out1694845684532.nf;
groovy.lang.MissingPropertyException;true;193;out1694845684858.nf;
nextflow.exception.DuplicateProcessInvocation;true;11;out1694845685318.nf;
groovy.lang.MissingPropertyException;true;194;out1694845685632.nf;
groovy.lang.MissingPropertyException;true;195;out1694845685921.nf;
nextflow.exception.ScriptCompilationException;true;62;out1694845686352.nf;
groovy.lang.MissingPropertyException;true;196;out1694845686638.nf;
nextflow.exception.ScriptCompilationException;true;63;out1694845687015.nf;
groovy.lang.MissingPropertyException;true;197;out1694845687180.nf;
nextflow.exception.DuplicateProcessInvocation;true;12;out1694845687586.nf;
groovy.lang.MissingPropertyException;true;198;out1694845687929.nf;
groovy.lang.MissingPropertyException;true;199;out1694845688270.nf;
groovy.lang.MissingPropertyException;true;200;out1694845688560.nf;
groovy.lang.MissingPropertyException;true;201;out1694845688913.nf;
groovy.lang.MissingPropertyException;true;202;out1694845689746.nf;
nextflow.exception.DuplicateProcessInvocation;true;13;out1694845690159.nf;
nextflow.exception.ScriptCompilationException;true;64;out1694845690629.nf;
groovy.lang.MissingPropertyException;true;203;out1694845690945.nf;
groovy.lang.MissingPropertyException;true;204;out1694845691279.nf;
groovy.lang.MissingPropertyException;true;205;out1694845691727.nf;
nextflow.exception.ScriptCompilationException;true;65;out1694845692082.nf;
groovy.lang.MissingPropertyException;true;206;out1694845692402.nf;
nextflow.exception.ScriptCompilationException;true;66;out1694845692682.nf;
groovy.lang.MissingPropertyException;true;207;out1694845693020.nf;
groovy.lang.MissingPropertyException;true;208;out1694845693534.nf;
groovy.lang.MissingPropertyException;true;209;out1694845693816.nf;
groovy.lang.MissingPropertyException;true;210;out1694845694320.nf;
nextflow.exception.ScriptCompilationException;true;67;out1694845694595.nf;
nextflow.exception.DuplicateProcessInvocation;true;14;out1694845695645.nf;
groovy.lang.MissingPropertyException;true;211;out1694845695926.nf;
groovy.lang.MissingPropertyException;true;212;out1694845696307.nf;
groovy.lang.MissingPropertyException;true;213;out1694845696666.nf;
nextflow.exception.ScriptCompilationException;true;68;out1694845697021.nf;
groovy.lang.MissingPropertyException;true;214;out1694845697280.nf;
nextflow.exception.ScriptCompilationException;true;69;out1694845697773.nf;
nextflow.exception.ScriptCompilationException;true;70;out1694845697966.nf;
nextflow.exception.ScriptCompilationException;true;71;out1694845698348.nf;
groovy.lang.MissingPropertyException;true;215;out1694845698661.nf;
nextflow.exception.DuplicateProcessInvocation;true;15;out1694845699159.nf;
groovy.lang.MissingPropertyException;true;216;out1694845699530.nf;
groovy.lang.MissingPropertyException;true;217;out1694845700156.nf;
nextflow.exception.ScriptCompilationException;true;72;out1694845700511.nf;
nextflow.exception.ScriptCompilationException;true;73;out1694845700870.nf;
groovy.lang.MissingPropertyException;true;218;out1694845701329.nf;
nextflow.exception.ScriptCompilationException;true;74;out1694845701632.nf;
groovy.lang.MissingPropertyException;true;219;out1694845701978.nf;
nextflow.exception.ScriptCompilationException;true;75;out1694845702339.nf;
groovy.lang.MissingPropertyException;true;220;out1694845702636.nf;
groovy.lang.MissingPropertyException;true;221;out1694845703437.nf;
groovy.lang.MissingPropertyException;true;222;out1694845703725.nf;
groovy.lang.MissingPropertyException;true;223;out1694845704023.nf;
groovy.lang.MissingPropertyException;true;224;out1694845704315.nf;
groovy.lang.MissingPropertyException;true;225;out1694845704762.nf;
groovy.lang.MissingPropertyException;true;226;out1694845705347.nf;
groovy.lang.MissingPropertyException;true;227;out1694845705784.nf;
groovy.lang.MissingPropertyException;true;228;out1694845706123.nf;
groovy.lang.MissingPropertyException;true;229;out1694845706487.nf;
nextflow.exception.ScriptCompilationException;true;76;out1694845707079.nf;
groovy.lang.MissingPropertyException;true;230;out1694845708675.nf;
nextflow.exception.ScriptCompilationException;true;77;out1694845710534.nf;
nextflow.exception.DuplicateProcessInvocation;true;16;out1694845710875.nf;
nextflow.exception.ScriptCompilationException;true;78;out1694845711160.nf;
nextflow.exception.DuplicateProcessInvocation;true;17;out1694845711470.nf;
nextflow.exception.ScriptCompilationException;true;79;out1694845711854.nf;
groovy.lang.MissingPropertyException;true;231;out1694845712152.nf;
groovy.lang.MissingPropertyException;true;232;out1694845712874.nf;
nextflow.exception.ScriptCompilationException;true;80;out1694845713137.nf;
groovy.lang.MissingPropertyException;true;233;out1694845714456.nf;
groovy.lang.MissingPropertyException;true;234;out1694845714755.nf;
groovy.lang.MissingPropertyException;true;235;out1694845715262.nf;
groovy.lang.MissingPropertyException;true;236;out1694845715430.nf;
groovy.lang.MissingPropertyException;true;237;out1694845715807.nf;
nextflow.exception.ScriptCompilationException;true;81;out1694845716137.nf;
groovy.lang.MissingPropertyException;true;238;out1694845716314.nf;
nextflow.exception.ScriptCompilationException;true;82;out1694845717047.nf;
groovy.lang.MissingPropertyException;true;239;out1694845717154.nf;
groovy.lang.MissingPropertyException;true;240;out1694845717624.nf;
groovy.lang.MissingPropertyException;true;241;out1694845717956.nf;
groovy.lang.MissingPropertyException;true;242;out1694845718355.nf;
groovy.lang.MissingPropertyException;true;243;out1694845718750.nf;
groovy.lang.MissingPropertyException;true;244;out1694845719077.nf;
nextflow.exception.ScriptCompilationException;true;83;out1694845719338.nf;
groovy.lang.MissingPropertyException;true;245;out1694845719982.nf;
groovy.lang.MissingPropertyException;true;246;out1694845720416.nf;
groovy.lang.MissingPropertyException;true;247;out1694845720777.nf;
groovy.lang.MissingPropertyException;true;248;out1694845721237.nf;
groovy.lang.MissingPropertyException;true;249;out1694845721651.nf;
groovy.lang.MissingPropertyException;true;250;out1694845722119.nf;
groovy.lang.MissingPropertyException;true;251;out1694845722502.nf;
groovy.lang.MissingPropertyException;true;252;out1694845723106.nf;
groovy.lang.MissingPropertyException;true;253;out1694845723605.nf;
groovy.lang.MissingPropertyException;true;254;out1694845723954.nf;
groovy.lang.MissingPropertyException;true;255;out1694845724272.nf;
nextflow.exception.DuplicateProcessInvocation;true;18;out1694845724880.nf;
groovy.lang.MissingPropertyException;true;256;out1694845725276.nf;
groovy.lang.MissingPropertyException;true;257;out1694845725805.nf;
groovy.lang.MissingPropertyException;true;258;out1694845726185.nf;
nextflow.exception.ScriptCompilationException;true;84;out1694845726486.nf;
groovy.lang.MissingPropertyException;true;259;out1694845726664.nf;
groovy.lang.MissingPropertyException;true;260;out1694845727053.nf;
groovy.lang.MissingPropertyException;true;261;out1694845727535.nf;
groovy.lang.MissingPropertyException;true;262;out1694845727810.nf;
groovy.lang.MissingPropertyException;true;263;out1694845728142.nf;
groovy.lang.MissingPropertyException;true;264;out1694845728730.nf;
nextflow.exception.ScriptCompilationException;true;85;out1694845729129.nf;
groovy.lang.MissingPropertyException;true;265;out1694845730160.nf;
groovy.lang.MissingPropertyException;true;266;out1694845730505.nf;
groovy.lang.MissingPropertyException;true;267;out1694845730570.nf;
groovy.lang.MissingPropertyException;true;268;out1694845730852.nf;
groovy.lang.MissingPropertyException;true;269;out1694845731604.nf;
nextflow.exception.ScriptCompilationException;true;86;out1694845732027.nf;
nextflow.exception.ScriptCompilationException;true;87;out1694845732353.nf;
nextflow.exception.ScriptCompilationException;true;88;out1694845733685.nf;
nextflow.exception.ScriptCompilationException;true;89;out1694845733960.nf;
nextflow.exception.ScriptCompilationException;true;90;out1694845734264.nf;
groovy.lang.MissingPropertyException;true;270;out1694845734570.nf;
nextflow.exception.ScriptCompilationException;true;91;out1694845735060.nf;
groovy.lang.MissingPropertyException;true;271;out1694845735267.nf;
groovy.lang.MissingPropertyException;true;272;out1694845735531.nf;
nextflow.exception.ScriptCompilationException;true;92;out1694845735979.nf;
groovy.lang.MissingPropertyException;true;273;out1694845737240.nf;
groovy.lang.MissingPropertyException;true;274;out1694845737484.nf;
groovy.lang.MissingPropertyException;true;275;out1694845737875.nf;
nextflow.exception.ScriptCompilationException;true;93;out1694845738316.nf;
groovy.lang.MissingPropertyException;true;276;out1694845739240.nf;
nextflow.exception.ScriptCompilationException;true;94;out1694845739844.nf;
groovy.lang.MissingPropertyException;true;277;out1694845740348.nf;
nextflow.exception.ScriptCompilationException;true;95;out1694845741009.nf;
groovy.lang.MissingPropertyException;true;278;out1694845741308.nf;
nextflow.exception.ScriptCompilationException;true;96;out1694845741941.nf;
groovy.lang.MissingPropertyException;true;279;out1694845742176.nf;
groovy.lang.MissingPropertyException;true;280;out1694845742538.nf;
nextflow.exception.ScriptCompilationException;true;97;out1694845742829.nf;
groovy.lang.MissingPropertyException;true;281;out1694845743510.nf;
nextflow.exception.ScriptCompilationException;true;98;out1694845743923.nf;
groovy.lang.MissingPropertyException;true;282;out1694845744406.nf;
groovy.lang.MissingPropertyException;true;283;out1694845744882.nf;
groovy.lang.MissingPropertyException;true;284;out1694845745411.nf;
nextflow.exception.ScriptCompilationException;true;99;out1694845745724.nf;
groovy.lang.MissingPropertyException;true;285;out1694845745864.nf;
groovy.lang.MissingPropertyException;true;286;out1694845746325.nf;
nextflow.exception.DuplicateProcessInvocation;true;19;out1694845747236.nf;
groovy.lang.MissingPropertyException;true;287;out1694845747704.nf;
groovy.lang.MissingPropertyException;true;288;out1694845748065.nf;
nextflow.exception.ScriptCompilationException;true;100;out1694845748671.nf;
groovy.lang.MissingPropertyException;true;289;out1694845748775.nf;
groovy.lang.MissingPropertyException;true;290;out1694845749215.nf;
groovy.lang.MissingPropertyException;true;291;out1694845749735.nf;
groovy.lang.MissingPropertyException;true;292;out1694845750022.nf;
groovy.lang.MissingPropertyException;true;293;out1694845750718.nf;
groovy.lang.MissingPropertyException;true;294;out1694845751128.nf;
groovy.lang.MissingPropertyException;true;295;out1694845751521.nf;
groovy.lang.MissingPropertyException;true;296;out1694845752003.nf;
groovy.lang.MissingPropertyException;true;297;out1694845752319.nf;
groovy.lang.MissingPropertyException;true;298;out1694845752811.nf;
groovy.lang.MissingPropertyException;true;299;out1694845753137.nf;
nextflow.exception.ScriptCompilationException;true;101;out1694845753616.nf;
groovy.lang.MissingPropertyException;true;300;out1694845754007.nf;
groovy.lang.MissingPropertyException;true;301;out1694845754504.nf;
nextflow.exception.ScriptCompilationException;true;102;out1694845755406.nf;
groovy.lang.MissingPropertyException;true;302;out1694845755734.nf;
groovy.lang.MissingPropertyException;true;303;out1694845756229.nf;
groovy.lang.MissingPropertyException;true;304;out1694845756811.nf;
nextflow.exception.ScriptCompilationException;true;103;out1694845757112.nf;
groovy.lang.MissingPropertyException;true;305;out1694845757440.nf;
groovy.lang.MissingPropertyException;true;306;out1694845758128.nf;
nextflow.exception.ScriptCompilationException;true;104;out1694845758410.nf;
nextflow.exception.ScriptCompilationException;true;105;out1694845758572.nf;
groovy.lang.MissingPropertyException;true;307;out1694845758738.nf;
groovy.lang.MissingPropertyException;true;308;out1694845759061.nf;
groovy.lang.MissingPropertyException;true;309;out1694845759573.nf;
groovy.lang.MissingPropertyException;true;310;out1694845760139.nf;
groovy.lang.MissingPropertyException;true;311;out1694845760805.nf;
nextflow.exception.ScriptCompilationException;true;106;out1694845761340.nf;
groovy.lang.MissingPropertyException;true;312;out1694845761667.nf;
groovy.lang.MissingPropertyException;true;313;out1694845761985.nf;
groovy.lang.MissingPropertyException;true;314;out1694845762323.nf;
nextflow.exception.ScriptCompilationException;true;107;out1694845762639.nf;
groovy.lang.MissingPropertyException;true;315;out1694845762767.nf;
groovy.lang.MissingPropertyException;true;316;out1694845763210.nf;
groovy.lang.MissingPropertyException;true;317;out1694845763639.nf;
groovy.lang.MissingPropertyException;true;318;out1694845763946.nf;
nextflow.exception.ScriptCompilationException;true;108;out1694845764370.nf;
nextflow.exception.ScriptCompilationException;true;109;out1694845764651.nf;
groovy.lang.MissingPropertyException;true;319;out1694845765025.nf;
groovy.lang.MissingPropertyException;true;320;out1694845765548.nf;
groovy.lang.MissingPropertyException;true;321;out1694845765960.nf;
groovy.lang.MissingPropertyException;true;322;out1694845766746.nf;
nextflow.exception.ScriptCompilationException;true;110;out1694845767171.nf;
groovy.lang.MissingPropertyException;true;323;out1694845767827.nf;
groovy.lang.MissingPropertyException;true;324;out1694845768340.nf;
groovy.lang.MissingPropertyException;true;325;out1694845769353.nf;
groovy.lang.MissingPropertyException;true;326;out1694845770915.nf;
groovy.lang.MissingPropertyException;true;327;out1694845771911.nf;
groovy.lang.MissingPropertyException;true;328;out1694845772270.nf;
groovy.lang.MissingPropertyException;true;329;out1694845772752.nf;
groovy.lang.MissingPropertyException;true;330;out1694845773437.nf;
groovy.lang.MissingPropertyException;true;331;out1694845774016.nf;
groovy.lang.MissingPropertyException;true;332;out1694845777124.nf;
groovy.lang.MissingPropertyException;true;333;out1694845777978.nf;
groovy.lang.MissingPropertyException;true;334;out1694845778348.nf;
nextflow.exception.ScriptCompilationException;true;111;out1694845778648.nf;
groovy.lang.MissingPropertyException;true;335;out1694845779143.nf;
groovy.lang.MissingPropertyException;true;336;out1694845779622.nf;
groovy.lang.MissingPropertyException;true;337;out1694845780136.nf;
groovy.lang.MissingPropertyException;true;338;out1694845780629.nf;
groovy.lang.MissingPropertyException;true;339;out1694845781130.nf;
nextflow.exception.ScriptCompilationException;true;112;out1694845781644.nf;
groovy.lang.MissingPropertyException;true;340;out1694845781923.nf;
groovy.lang.MissingPropertyException;true;341;out1694845782361.nf;
groovy.lang.MissingPropertyException;true;342;out1694845782693.nf;
groovy.lang.MissingPropertyException;true;343;out1694845783103.nf;
nextflow.exception.ScriptCompilationException;true;113;out1694845783586.nf;
nextflow.exception.ScriptCompilationException;true;114;out1694845783971.nf;
groovy.lang.MissingPropertyException;true;344;out1694845784365.nf;
nextflow.exception.ScriptCompilationException;true;115;out1694845784802.nf;
groovy.lang.MissingPropertyException;true;345;out1694845785131.nf;
nextflow.exception.ScriptCompilationException;true;116;out1694845785703.nf;
groovy.lang.MissingPropertyException;true;346;out1694845786022.nf;
groovy.lang.MissingPropertyException;true;347;out1694845786529.nf;
groovy.lang.MissingPropertyException;true;348;out1694845787045.nf;
groovy.lang.MissingPropertyException;true;349;out1694845787526.nf;
groovy.lang.MissingPropertyException;true;350;out1694845788023.nf;
groovy.lang.MissingPropertyException;true;351;out1694845788431.nf;
nextflow.exception.DuplicateProcessInvocation;true;20;out1694845788809.nf;
nextflow.exception.ScriptCompilationException;true;117;out1694845789270.nf;
groovy.lang.MissingPropertyException;true;352;out1694845789661.nf;
groovy.lang.MissingPropertyException;true;353;out1694845790360.nf;
groovy.lang.MissingPropertyException;true;354;out1694845791043.nf;
groovy.lang.MissingPropertyException;true;355;out1694845791506.nf;
groovy.lang.MissingPropertyException;true;356;out1694845792915.nf;
groovy.lang.MissingPropertyException;true;357;out1694845793439.nf;
nextflow.exception.ScriptCompilationException;true;118;out1694845793773.nf;
groovy.lang.MissingPropertyException;true;358;out1694845793960.nf;
groovy.lang.MissingPropertyException;true;359;out1694845794534.nf;
groovy.lang.MissingPropertyException;true;360;out1694845794916.nf;
groovy.lang.MissingPropertyException;true;361;out1694845795475.nf;
nextflow.exception.ScriptCompilationException;true;119;out1694845795847.nf;
nextflow.exception.DuplicateProcessInvocation;true;21;out1694845796168.nf;
groovy.lang.MissingPropertyException;true;362;out1694845796983.nf;
groovy.lang.MissingPropertyException;true;363;out1694845797435.nf;
nextflow.exception.ScriptCompilationException;true;120;out1694845798038.nf;
groovy.lang.MissingPropertyException;true;364;out1694845798944.nf;
groovy.lang.MissingPropertyException;true;365;out1694845799461.nf;
groovy.lang.MissingPropertyException;true;366;out1694845799734.nf;
nextflow.exception.ScriptCompilationException;true;121;out1694845800172.nf;
nextflow.exception.DuplicateProcessInvocation;true;22;out1694845800480.nf;
nextflow.exception.ScriptCompilationException;true;122;out1694845801061.nf;
groovy.lang.MissingPropertyException;true;367;out1694845801361.nf;
groovy.lang.MissingPropertyException;true;368;out1694845801685.nf;
nextflow.exception.ScriptCompilationException;true;123;out1694845802134.nf;
groovy.lang.MissingPropertyException;true;369;out1694845802240.nf;
nextflow.exception.ScriptCompilationException;true;124;out1694845803303.nf;
nextflow.exception.ScriptCompilationException;true;125;out1694845804217.nf;
groovy.lang.MissingPropertyException;true;370;out1694845804720.nf;
nextflow.exception.DuplicateProcessInvocation;true;23;out1694845805533.nf;
groovy.lang.MissingPropertyException;true;371;out1694845806634.nf;
groovy.lang.MissingPropertyException;true;372;out1694845806970.nf;
groovy.lang.MissingPropertyException;true;373;out1694845807564.nf;
nextflow.exception.ScriptCompilationException;true;126;out1694845808027.nf;
groovy.lang.MissingPropertyException;true;374;out1694845809455.nf;
groovy.lang.MissingPropertyException;true;375;out1694845809865.nf;
groovy.lang.MissingPropertyException;true;376;out1694845810229.nf;
groovy.lang.MissingPropertyException;true;377;out1694845811508.nf;
nextflow.exception.ScriptCompilationException;true;127;out1694845812244.nf;
nextflow.exception.ScriptCompilationException;true;128;out1694845812816.nf;
nextflow.exception.ScriptCompilationException;true;129;out1694845813224.nf;
nextflow.exception.ScriptCompilationException;true;130;out1694845813548.nf;
groovy.lang.MissingPropertyException;true;378;out1694845813680.nf;
groovy.lang.MissingPropertyException;true;379;out1694845815076.nf;
groovy.lang.MissingPropertyException;true;380;out1694845815405.nf;
groovy.lang.MissingPropertyException;true;381;out1694845815717.nf;
nextflow.exception.ScriptCompilationException;true;131;out1694845816203.nf;
groovy.lang.MissingPropertyException;true;382;out1694845817426.nf;
groovy.lang.MissingPropertyException;true;383;out1694845817725.nf;
groovy.lang.MissingPropertyException;true;384;out1694845818030.nf;
nextflow.exception.ScriptCompilationException;true;132;out1694845818768.nf;
nextflow.exception.ScriptCompilationException;true;133;out1694845819478.nf;
groovy.lang.MissingPropertyException;true;385;out1694845819950.nf;
groovy.lang.MissingPropertyException;true;386;out1694845820289.nf;
groovy.lang.MissingPropertyException;true;387;out1694845820587.nf;
groovy.lang.MissingPropertyException;true;388;out1694845821230.nf;
nextflow.exception.ScriptCompilationException;true;134;out1694845821872.nf;
groovy.lang.MissingPropertyException;true;389;out1694845822351.nf;
groovy.lang.MissingPropertyException;true;390;out1694845822752.nf;
groovy.lang.MissingPropertyException;true;391;out1694845825869.nf;
groovy.lang.MissingPropertyException;true;392;out1694845826413.nf;
groovy.lang.MissingPropertyException;true;393;out1694845826933.nf;
groovy.lang.MissingPropertyException;true;394;out1694845827627.nf;
nextflow.exception.ScriptCompilationException;true;135;out1694845828446.nf;
nextflow.exception.DuplicateProcessInvocation;true;24;out1694845829239.nf;
groovy.lang.MissingPropertyException;true;395;out1694845829975.nf;
groovy.lang.MissingPropertyException;true;396;out1694845830770.nf;
nextflow.exception.ScriptCompilationException;true;136;out1694845831456.nf;
groovy.lang.MissingPropertyException;true;397;out1694845831822.nf;
nextflow.exception.ScriptCompilationException;true;137;out1694845832254.nf;
groovy.lang.MissingPropertyException;true;398;out1694845832672.nf;
nextflow.exception.DuplicateProcessInvocation;true;25;out1694845833066.nf;
nextflow.exception.ScriptCompilationException;true;138;out1694845833752.nf;
groovy.lang.MissingPropertyException;true;399;out1694845834150.nf;
nextflow.exception.ScriptCompilationException;true;139;out1694845834536.nf;
groovy.lang.MissingPropertyException;true;400;out1694845834768.nf;
groovy.lang.MissingPropertyException;true;401;out1694845835412.nf;
nextflow.exception.ScriptCompilationException;true;140;out1694845835748.nf;
groovy.lang.MissingPropertyException;true;402;out1694845836476.nf;
groovy.lang.MissingPropertyException;true;403;out1694845837639.nf;
groovy.lang.MissingPropertyException;true;404;out1694845838153.nf;
groovy.lang.MissingPropertyException;true;405;out1694845838779.nf;
nextflow.exception.ScriptCompilationException;true;141;out1694845840043.nf;
groovy.lang.MissingPropertyException;true;406;out1694845840643.nf;
nextflow.exception.ScriptCompilationException;true;142;out1694845841327.nf;
groovy.lang.MissingPropertyException;true;407;out1694845842102.nf;
nextflow.exception.DuplicateProcessInvocation;true;26;out1694845843978.nf;
groovy.lang.MissingPropertyException;true;408;out1694845844651.nf;
groovy.lang.MissingPropertyException;true;409;out1694845846833.nf;
nextflow.exception.ScriptCompilationException;true;143;out1694845847161.nf;
nextflow.exception.ScriptCompilationException;true;144;out1694845847652.nf;
nextflow.exception.ScriptCompilationException;true;145;out1694845848035.nf;
groovy.lang.MissingPropertyException;true;410;out1694845848316.nf;
groovy.lang.MissingPropertyException;true;411;out1694845848775.nf;
groovy.lang.MissingPropertyException;true;412;out1694845849157.nf;
groovy.lang.MissingPropertyException;true;413;out1694845849815.nf;
groovy.lang.MissingPropertyException;true;414;out1694845850209.nf;
nextflow.exception.ScriptCompilationException;true;146;out1694845850839.nf;
groovy.lang.MissingPropertyException;true;415;out1694845851239.nf;
groovy.lang.MissingPropertyException;true;416;out1694845851813.nf;
nextflow.exception.ScriptCompilationException;true;147;out1694845852658.nf;
groovy.lang.MissingPropertyException;true;417;out1694845853030.nf;
groovy.lang.MissingPropertyException;true;418;out1694845853536.nf;
nextflow.exception.DuplicateProcessInvocation;true;27;out1694845853939.nf;
groovy.lang.MissingPropertyException;true;419;out1694845854863.nf;
groovy.lang.MissingPropertyException;true;420;out1694845855316.nf;
groovy.lang.MissingPropertyException;true;421;out1694845855963.nf;
groovy.lang.MissingPropertyException;true;422;out1694845857221.nf;
nextflow.exception.DuplicateProcessInvocation;true;28;out1694845857569.nf;
groovy.lang.MissingPropertyException;true;423;out1694845858113.nf;
groovy.lang.MissingPropertyException;true;424;out1694845858711.nf;
groovy.lang.MissingPropertyException;true;425;out1694845859456.nf;
groovy.lang.MissingPropertyException;true;426;out1694845859840.nf;
groovy.lang.MissingPropertyException;true;427;out1694845860604.nf;
nextflow.exception.ScriptCompilationException;true;148;out1694845861128.nf;
groovy.lang.MissingPropertyException;true;428;out1694845861862.nf;
nextflow.exception.DuplicateProcessInvocation;true;29;out1694845862316.nf;
nextflow.exception.ScriptCompilationException;true;149;out1694845862927.nf;
nextflow.exception.ScriptCompilationException;true;150;out1694845863555.nf;
nextflow.exception.ScriptCompilationException;true;151;out1694845864113.nf;
groovy.lang.MissingPropertyException;true;429;out1694845865016.nf;
groovy.lang.MissingPropertyException;true;430;out1694845865825.nf;
nextflow.exception.ScriptCompilationException;true;152;out1694845866240.nf;
nextflow.exception.ScriptCompilationException;true;153;out1694845866902.nf;
groovy.lang.MissingPropertyException;true;431;out1694845867361.nf;
groovy.lang.MissingPropertyException;true;432;out1694845867716.nf;
nextflow.exception.ScriptCompilationException;true;154;out1694845868208.nf;
nextflow.exception.ScriptCompilationException;true;155;out1694845870263.nf;
groovy.lang.MissingPropertyException;true;433;out1694845870648.nf;
groovy.lang.MissingPropertyException;true;434;out1694845871060.nf;
groovy.lang.MissingPropertyException;true;435;out1694845871663.nf;
groovy.lang.MissingPropertyException;true;436;out1694845872233.nf;
groovy.lang.MissingPropertyException;true;437;out1694845872854.nf;
groovy.lang.MissingPropertyException;true;438;out1694845873331.nf;
groovy.lang.MissingPropertyException;true;439;out1694845873772.nf;
nextflow.exception.ScriptCompilationException;true;156;out1694845874270.nf;
groovy.lang.MissingPropertyException;true;440;out1694845874873.nf;
groovy.lang.MissingPropertyException;true;441;out1694845875473.nf;
groovy.lang.MissingPropertyException;true;442;out1694845876154.nf;
groovy.lang.MissingPropertyException;true;443;out1694845876744.nf;
groovy.lang.MissingPropertyException;true;444;out1694845877361.nf;
groovy.lang.MissingPropertyException;true;445;out1694845877795.nf;
groovy.lang.MissingPropertyException;true;446;out1694845879243.nf;
nextflow.exception.ScriptCompilationException;true;157;out1694845879926.nf;
groovy.lang.MissingPropertyException;true;447;out1694845880319.nf;
nextflow.exception.ScriptCompilationException;true;158;out1694845880770.nf;
nextflow.exception.ScriptCompilationException;true;159;out1694845881530.nf;
groovy.lang.MissingPropertyException;true;448;out1694845881858.nf;
groovy.lang.MissingPropertyException;true;449;out1694845882411.nf;
nextflow.exception.ScriptCompilationException;true;160;out1694845883266.nf;
nextflow.exception.ScriptCompilationException;true;161;out1694845883442.nf;
nextflow.exception.ScriptCompilationException;true;162;out1694845883746.nf;
nextflow.exception.DuplicateProcessInvocation;true;30;out1694845884228.nf;
groovy.lang.MissingPropertyException;true;450;out1694845886049.nf;
groovy.lang.MissingPropertyException;true;451;out1694845887167.nf;
groovy.lang.MissingPropertyException;true;452;out1694845887723.nf;
nextflow.exception.ScriptCompilationException;true;163;out1694845888457.nf;
nextflow.exception.ScriptCompilationException;true;164;out1694845888853.nf;
groovy.lang.MissingPropertyException;true;453;out1694845889509.nf;
groovy.lang.MissingPropertyException;true;454;out1694845891222.nf;
nextflow.exception.ScriptCompilationException;true;165;out1694845891717.nf;
nextflow.exception.DuplicateProcessInvocation;true;31;out1694845892606.nf;
groovy.lang.MissingPropertyException;true;455;out1694845893009.nf;
groovy.lang.MissingPropertyException;true;456;out1694845893329.nf;
groovy.lang.MissingPropertyException;true;457;out1694845893706.nf;
groovy.lang.MissingPropertyException;true;458;out1694845894037.nf;
groovy.lang.MissingPropertyException;true;459;out1694845894340.nf;
groovy.lang.MissingPropertyException;true;460;out1694845894920.nf;
groovy.lang.MissingPropertyException;true;461;out1694845896086.nf;
groovy.lang.MissingPropertyException;true;462;out1694845897712.nf;
groovy.lang.MissingPropertyException;true;463;out1694845900938.nf;
groovy.lang.MissingPropertyException;true;464;out1694845901364.nf;
groovy.lang.MissingPropertyException;true;465;out1694845901850.nf;
nextflow.exception.ScriptCompilationException;true;166;out1694845903150.nf;
groovy.lang.MissingPropertyException;true;466;out1694845903409.nf;
groovy.lang.MissingPropertyException;true;467;out1694845904136.nf;
groovy.lang.MissingPropertyException;true;468;out1694845905021.nf;
groovy.lang.MissingPropertyException;true;469;out1694845905812.nf;
nextflow.exception.ScriptCompilationException;true;167;out1694845906620.nf;
groovy.lang.MissingPropertyException;true;470;out1694845907121.nf;
groovy.lang.MissingPropertyException;true;471;out1694845907868.nf;
groovy.lang.MissingPropertyException;true;472;out1694845908753.nf;
groovy.lang.MissingPropertyException;true;473;out1694845909357.nf;
groovy.lang.MissingPropertyException;true;474;out1694845910438.nf;
groovy.lang.MissingPropertyException;true;475;out1694845911461.nf;
groovy.lang.MissingPropertyException;true;476;out1694845911777.nf;
nextflow.exception.ScriptCompilationException;true;168;out1694845912553.nf;
groovy.lang.MissingPropertyException;true;477;out1694845912849.nf;
groovy.lang.MissingPropertyException;true;478;out1694845913234.nf;
nextflow.exception.ScriptCompilationException;true;169;out1694845913610.nf;
groovy.lang.MissingPropertyException;true;479;out1694845914021.nf;
groovy.lang.MissingPropertyException;true;480;out1694845914517.nf;
groovy.lang.MissingPropertyException;true;481;out1694845915253.nf;
groovy.lang.MissingPropertyException;true;482;out1694845915862.nf;
groovy.lang.MissingPropertyException;true;483;out1694845916650.nf;
groovy.lang.MissingPropertyException;true;484;out1694845917243.nf;
groovy.lang.MissingPropertyException;true;485;out1694845917943.nf;
nextflow.exception.ScriptCompilationException;true;170;out1694845918928.nf;
groovy.lang.MissingPropertyException;true;486;out1694845919969.nf;
groovy.lang.MissingPropertyException;true;487;out1694845921064.nf;
groovy.lang.MissingPropertyException;true;488;out1694845922038.nf;
groovy.lang.MissingPropertyException;true;489;out1694845922933.nf;
nextflow.exception.ScriptCompilationException;true;171;out1694845923373.nf;
groovy.lang.MissingPropertyException;true;490;out1694845924626.nf;
groovy.lang.MissingPropertyException;true;491;out1694845925511.nf;
groovy.lang.MissingPropertyException;true;492;out1694845926325.nf;
groovy.lang.MissingPropertyException;true;493;out1694845927779.nf;
groovy.lang.MissingPropertyException;true;494;out1694845928602.nf;
groovy.lang.MissingPropertyException;true;495;out1694845928753.nf;
groovy.lang.MissingPropertyException;true;496;out1694845930376.nf;
groovy.lang.MissingPropertyException;true;497;out1694845931410.nf;
groovy.lang.MissingPropertyException;true;498;out1694845932220.nf;
groovy.lang.MissingPropertyException;true;499;out1694845932650.nf;
groovy.lang.MissingPropertyException;true;500;out1694845933421.nf;
groovy.lang.MissingPropertyException;true;501;out1694845933941.nf;
groovy.lang.MissingPropertyException;true;502;out1694845934449.nf;
groovy.lang.MissingPropertyException;true;503;out1694845934817.nf;
groovy.lang.MissingPropertyException;true;504;out1694845935410.nf;
groovy.lang.MissingPropertyException;true;505;out1694845936223.nf;
nextflow.exception.ScriptCompilationException;true;172;out1694845936814.nf;
groovy.lang.MissingPropertyException;true;506;out1694845937309.nf;
nextflow.exception.DuplicateProcessInvocation;true;32;out1694845937739.nf;
groovy.lang.MissingPropertyException;true;507;out1694845938116.nf;
groovy.lang.MissingPropertyException;true;508;out1694845938761.nf;
groovy.lang.MissingPropertyException;true;509;out1694845939352.nf;
groovy.lang.MissingPropertyException;true;510;out1694845940307.nf;
groovy.lang.MissingPropertyException;true;511;out1694845940904.nf;
nextflow.exception.ScriptCompilationException;true;173;out1694845941123.nf;
groovy.lang.MissingPropertyException;true;512;out1694845941969.nf;
groovy.lang.MissingPropertyException;true;513;out1694845942553.nf;
groovy.lang.MissingPropertyException;true;514;out1694845943150.nf;
nextflow.exception.ScriptCompilationException;true;174;out1694845943617.nf;
groovy.lang.MissingPropertyException;true;515;out1694845943773.nf;
groovy.lang.MissingPropertyException;true;516;out1694845944379.nf;
nextflow.exception.DuplicateProcessInvocation;true;33;out1694845945778.nf;
nextflow.exception.ScriptCompilationException;true;175;out1694845946328.nf;
groovy.lang.MissingPropertyException;true;517;out1694845947019.nf;
nextflow.exception.ScriptCompilationException;true;176;out1694845948638.nf;
groovy.lang.MissingPropertyException;true;518;out1694845949153.nf;
groovy.lang.MissingPropertyException;true;519;out1694845950041.nf;
nextflow.exception.DuplicateProcessInvocation;true;34;out1694845950430.nf;
groovy.lang.MissingPropertyException;true;520;out1694845950949.nf;
groovy.lang.MissingPropertyException;true;521;out1694845952913.nf;
groovy.lang.MissingPropertyException;true;522;out1694845953617.nf;
groovy.lang.MissingPropertyException;true;523;out1694845954137.nf;
groovy.lang.MissingPropertyException;true;524;out1694845954657.nf;
nextflow.exception.DuplicateProcessInvocation;true;35;out1694845956251.nf;
groovy.lang.MissingPropertyException;true;525;out1694845957020.nf;
groovy.lang.MissingPropertyException;true;526;out1694845957440.nf;
groovy.lang.MissingPropertyException;true;527;out1694845958512.nf;
groovy.lang.MissingPropertyException;true;528;out1694845959021.nf;
groovy.lang.MissingPropertyException;true;529;out1694845959904.nf;
groovy.lang.MissingPropertyException;true;530;out1694845960751.nf;
groovy.lang.MissingPropertyException;true;531;out1694845961173.nf;
nextflow.exception.DuplicateProcessInvocation;true;36;out1694845961749.nf;
groovy.lang.MissingPropertyException;true;532;out1694845962229.nf;
groovy.lang.MissingPropertyException;true;533;out1694845962909.nf;
nextflow.exception.ScriptCompilationException;true;177;out1694845964354.nf;
groovy.lang.MissingPropertyException;true;534;out1694845965127.nf;
groovy.lang.MissingPropertyException;true;535;out1694845965908.nf;
groovy.lang.MissingPropertyException;true;536;out1694845966335.nf;
groovy.lang.MissingPropertyException;true;537;out1694845966826.nf;
nextflow.exception.ScriptCompilationException;true;178;out1694845967649.nf;
groovy.lang.MissingPropertyException;true;538;out1694845968042.nf;
groovy.lang.MissingPropertyException;true;539;out1694845969410.nf;
nextflow.exception.ScriptCompilationException;true;179;out1694845970072.nf;
groovy.lang.MissingPropertyException;true;540;out1694845970563.nf;
groovy.lang.MissingPropertyException;true;541;out1694845971036.nf;
groovy.lang.MissingPropertyException;true;542;out1694845972407.nf;
groovy.lang.MissingPropertyException;true;543;out1694845972880.nf;
groovy.lang.MissingPropertyException;true;544;out1694845973475.nf;
groovy.lang.MissingPropertyException;true;545;out1694845974045.nf;
groovy.lang.MissingPropertyException;true;546;out1694845974655.nf;
groovy.lang.MissingPropertyException;true;547;out1694845975554.nf;
groovy.lang.MissingPropertyException;true;548;out1694845975966.nf;
groovy.lang.MissingPropertyException;true;549;out1694845976851.nf;
groovy.lang.MissingPropertyException;true;550;out1694845977047.nf;
groovy.lang.MissingPropertyException;true;551;out1694845979660.nf;
groovy.lang.MissingPropertyException;true;552;out1694845980458.nf;
groovy.lang.MissingPropertyException;true;553;out1694845980837.nf;
groovy.lang.MissingPropertyException;true;554;out1694845981567.nf;
nextflow.exception.ScriptCompilationException;true;180;out1694845982455.nf;
groovy.lang.MissingPropertyException;true;555;out1694845982819.nf;
groovy.lang.MissingPropertyException;true;556;out1694845984056.nf;
nextflow.exception.DuplicateProcessInvocation;true;37;out1694845984435.nf;
groovy.lang.MissingPropertyException;true;557;out1694845985727.nf;
groovy.lang.MissingPropertyException;true;558;out1694845986175.nf;
groovy.lang.MissingPropertyException;true;559;out1694845987408.nf;
groovy.lang.MissingPropertyException;true;560;out1694845987842.nf;
groovy.lang.MissingPropertyException;true;561;out1694845988355.nf;
groovy.lang.MissingPropertyException;true;562;out1694845989235.nf;
groovy.lang.MissingPropertyException;true;563;out1694845989940.nf;
groovy.lang.MissingPropertyException;true;564;out1694845991102.nf;
groovy.lang.MissingPropertyException;true;565;out1694845991927.nf;
nextflow.exception.ScriptCompilationException;true;181;out1694845992545.nf;
groovy.lang.MissingPropertyException;true;566;out1694845993302.nf;
groovy.lang.MissingPropertyException;true;567;out1694845994250.nf;
groovy.lang.MissingPropertyException;true;568;out1694845995001.nf;
groovy.lang.MissingPropertyException;true;569;out1694845995643.nf;
groovy.lang.MissingPropertyException;true;570;out1694845996452.nf;
groovy.lang.MissingPropertyException;true;571;out1694845997459.nf;
groovy.lang.MissingPropertyException;true;572;out1694845997804.nf;
groovy.lang.MissingPropertyException;true;573;out1694845998248.nf;
groovy.lang.MissingPropertyException;true;574;out1694845999304.nf;
nextflow.exception.ScriptCompilationException;true;182;out1694845999725.nf;
groovy.lang.MissingPropertyException;true;575;out1694846000869.nf;
nextflow.exception.ScriptCompilationException;true;183;out1694846002422.nf;
groovy.lang.MissingPropertyException;true;576;out1694846002973.nf;
groovy.lang.MissingPropertyException;true;577;out1694846003158.nf;
nextflow.exception.ScriptCompilationException;true;184;out1694846003831.nf;
groovy.lang.MissingPropertyException;true;578;out1694846004324.nf;
nextflow.exception.ScriptCompilationException;true;185;out1694846004976.nf;
nextflow.exception.ScriptCompilationException;true;186;out1694846005377.nf;
groovy.lang.MissingPropertyException;true;579;out1694846005929.nf;
groovy.lang.MissingPropertyException;true;580;out1694846006853.nf;
groovy.lang.MissingPropertyException;true;581;out1694846007443.nf;
groovy.lang.MissingPropertyException;true;582;out1694846008250.nf;
nextflow.exception.ScriptCompilationException;true;187;out1694846008728.nf;
groovy.lang.MissingPropertyException;true;583;out1694846009926.nf;
groovy.lang.MissingPropertyException;true;584;out1694846011423.nf;
groovy.lang.MissingPropertyException;true;585;out1694846012576.nf;
groovy.lang.MissingPropertyException;true;586;out1694846014053.nf;
groovy.lang.MissingPropertyException;true;587;out1694846014908.nf;
groovy.lang.MissingPropertyException;true;588;out1694846015271.nf;
groovy.lang.MissingPropertyException;true;589;out1694846016758.nf;
nextflow.exception.ScriptCompilationException;true;188;out1694846017333.nf;
groovy.lang.MissingPropertyException;true;590;out1694846017735.nf;
groovy.lang.MissingPropertyException;true;591;out1694846018366.nf;
groovy.lang.MissingPropertyException;true;592;out1694846019227.nf;
groovy.lang.MissingPropertyException;true;593;out1694846020077.nf;
groovy.lang.MissingPropertyException;true;594;out1694846021127.nf;
groovy.lang.MissingPropertyException;true;595;out1694846021621.nf;
groovy.lang.MissingPropertyException;true;596;out1694846022136.nf;
nextflow.exception.ScriptCompilationException;true;189;out1694846023401.nf;
groovy.lang.MissingPropertyException;true;597;out1694846023941.nf;
groovy.lang.MissingPropertyException;true;598;out1694846025250.nf;
groovy.lang.MissingPropertyException;true;599;out1694846026104.nf;
nextflow.exception.ScriptCompilationException;true;190;out1694846026716.nf;
groovy.lang.MissingPropertyException;true;600;out1694846027440.nf;
nextflow.exception.ScriptCompilationException;true;191;out1694846028058.nf;
groovy.lang.MissingPropertyException;true;601;out1694846028552.nf;
groovy.lang.MissingPropertyException;true;602;out1694846030075.nf;
groovy.lang.MissingPropertyException;true;603;out1694846030725.nf;
groovy.lang.MissingPropertyException;true;604;out1694846031326.nf;
groovy.lang.MissingPropertyException;true;605;out1694846032142.nf;
groovy.lang.MissingPropertyException;true;606;out1694846032762.nf;
groovy.lang.MissingPropertyException;true;607;out1694846033941.nf;
groovy.lang.MissingPropertyException;true;608;out1694846034837.nf;
groovy.lang.MissingPropertyException;true;609;out1694846035377.nf;
groovy.lang.MissingPropertyException;true;610;out1694846036148.nf;
nextflow.exception.ScriptCompilationException;true;192;out1694846037235.nf;
nextflow.exception.ScriptCompilationException;true;193;out1694846038214.nf;
nextflow.exception.DuplicateProcessInvocation;true;38;out1694846039002.nf;
groovy.lang.MissingPropertyException;true;611;out1694846039844.nf;
groovy.lang.MissingPropertyException;true;612;out1694846042515.nf;
nextflow.exception.ScriptCompilationException;true;194;out1694846043044.nf;
groovy.lang.MissingPropertyException;true;613;out1694846043220.nf;
groovy.lang.MissingPropertyException;true;614;out1694846045495.nf;
groovy.lang.MissingPropertyException;true;615;out1694846046509.nf;
nextflow.exception.ScriptCompilationException;true;195;out1694846047126.nf;
nextflow.exception.ScriptCompilationException;true;196;out1694846047583.nf;
groovy.lang.MissingPropertyException;true;616;out1694846048168.nf;
groovy.lang.MissingPropertyException;true;617;out1694846050679.nf;
groovy.lang.MissingPropertyException;true;618;out1694846051068.nf;
groovy.lang.MissingPropertyException;true;619;out1694846051772.nf;
groovy.lang.MissingPropertyException;true;620;out1694846052707.nf;
groovy.lang.MissingPropertyException;true;621;out1694846053609.nf;
nextflow.exception.ScriptCompilationException;true;197;out1694846054055.nf;
groovy.lang.MissingPropertyException;true;622;out1694846054259.nf;
groovy.lang.MissingPropertyException;true;623;out1694846055176.nf;
groovy.lang.MissingPropertyException;true;624;out1694846056146.nf;
nextflow.exception.ScriptCompilationException;true;198;out1694846057316.nf;
groovy.lang.MissingPropertyException;true;625;out1694846057780.nf;
groovy.lang.MissingPropertyException;true;626;out1694846058369.nf;
nextflow.exception.ScriptCompilationException;true;199;out1694846059821.nf;
groovy.lang.MissingPropertyException;true;627;out1694846060336.nf;
groovy.lang.MissingPropertyException;true;628;out1694846061827.nf;
groovy.lang.MissingPropertyException;true;629;out1694846062355.nf;
groovy.lang.MissingPropertyException;true;630;out1694846063154.nf;
groovy.lang.MissingPropertyException;true;631;out1694846064950.nf;
groovy.lang.MissingPropertyException;true;632;out1694846065466.nf;
groovy.lang.MissingPropertyException;true;633;out1694846066846.nf;
nextflow.exception.ScriptCompilationException;true;200;out1694846067077.nf;
groovy.lang.MissingPropertyException;true;634;out1694846067540.nf;
groovy.lang.MissingPropertyException;true;635;out1694846069312.nf;
groovy.lang.MissingPropertyException;true;636;out1694846069750.nf;
groovy.lang.MissingPropertyException;true;637;out1694846070143.nf;
groovy.lang.MissingPropertyException;true;638;out1694846070632.nf;
nextflow.exception.ScriptCompilationException;true;201;out1694846071076.nf;
groovy.lang.MissingPropertyException;true;639;out1694846071849.nf;
groovy.lang.MissingPropertyException;true;640;out1694846072369.nf;
groovy.lang.MissingPropertyException;true;641;out1694846074661.nf;
groovy.lang.MissingPropertyException;true;642;out1694846075314.nf;
groovy.lang.MissingPropertyException;true;643;out1694846075542.nf;
groovy.lang.MissingPropertyException;true;644;out1694846076038.nf;
groovy.lang.MissingPropertyException;true;645;out1694846077073.nf;
groovy.lang.MissingPropertyException;true;646;out1694846077677.nf;
nextflow.exception.ScriptCompilationException;true;202;out1694846078563.nf;
groovy.lang.MissingPropertyException;true;647;out1694846078851.nf;
groovy.lang.MissingPropertyException;true;648;out1694846079845.nf;
groovy.lang.MissingPropertyException;true;649;out1694846080515.nf;
nextflow.exception.DuplicateProcessInvocation;true;39;out1694846081126.nf;
nextflow.exception.ScriptCompilationException;true;203;out1694846081920.nf;
groovy.lang.MissingPropertyException;true;650;out1694846082433.nf;
groovy.lang.MissingPropertyException;true;651;out1694846083124.nf;
nextflow.exception.ScriptCompilationException;true;204;out1694846083629.nf;
groovy.lang.MissingPropertyException;true;652;out1694846084047.nf;
groovy.lang.MissingPropertyException;true;653;out1694846084818.nf;
nextflow.exception.DuplicateProcessInvocation;true;40;out1694846085538.nf;
groovy.lang.MissingPropertyException;true;654;out1694846086964.nf;
nextflow.exception.ScriptCompilationException;true;205;out1694846087352.nf;
groovy.lang.MissingPropertyException;true;655;out1694846087779.nf;
groovy.lang.MissingPropertyException;true;656;out1694846088675.nf;
groovy.lang.MissingPropertyException;true;657;out1694846089169.nf;
nextflow.exception.ScriptCompilationException;true;206;out1694846089802.nf;
nextflow.exception.ScriptCompilationException;true;207;out1694846090129.nf;
groovy.lang.MissingPropertyException;true;658;out1694846091130.nf;
nextflow.exception.ScriptCompilationException;true;208;out1694846092970.nf;
groovy.lang.MissingPropertyException;true;659;out1694846093608.nf;
groovy.lang.MissingPropertyException;true;660;out1694846094014.nf;
groovy.lang.MissingPropertyException;true;661;out1694846094854.nf;
groovy.lang.MissingPropertyException;true;662;out1694846095456.nf;
groovy.lang.MissingPropertyException;true;663;out1694846096347.nf;
groovy.lang.MissingPropertyException;true;664;out1694846096839.nf;
groovy.lang.MissingPropertyException;true;665;out1694846098458.nf;
groovy.lang.MissingPropertyException;true;666;out1694846098901.nf;
groovy.lang.MissingPropertyException;true;667;out1694846099703.nf;
groovy.lang.MissingPropertyException;true;668;out1694846100578.nf;
groovy.lang.MissingPropertyException;true;669;out1694846101041.nf;
groovy.lang.MissingPropertyException;true;670;out1694846101657.nf;
nextflow.exception.ScriptCompilationException;true;209;out1694846102322.nf;
groovy.lang.MissingPropertyException;true;671;out1694846102949.nf;
groovy.lang.MissingPropertyException;true;672;out1694846103867.nf;
groovy.lang.MissingPropertyException;true;673;out1694846104953.nf;
groovy.lang.MissingPropertyException;true;674;out1694846105429.nf;
nextflow.exception.DuplicateProcessInvocation;true;41;out1694846105878.nf;
groovy.lang.MissingPropertyException;true;675;out1694846106851.nf;
nextflow.exception.ScriptCompilationException;true;210;out1694846107625.nf;
groovy.lang.MissingPropertyException;true;676;out1694846108172.nf;
groovy.lang.MissingPropertyException;true;677;out1694846109057.nf;
groovy.lang.MissingPropertyException;true;678;out1694846110753.nf;
groovy.lang.MissingPropertyException;true;679;out1694846111751.nf;
groovy.lang.MissingPropertyException;true;680;out1694846112640.nf;
groovy.lang.MissingPropertyException;true;681;out1694846113306.nf;
groovy.lang.MissingPropertyException;true;682;out1694846114226.nf;
groovy.lang.MissingPropertyException;true;683;out1694846115264.nf;
groovy.lang.MissingPropertyException;true;684;out1694846116626.nf;
groovy.lang.MissingPropertyException;true;685;out1694846117650.nf;
groovy.lang.MissingPropertyException;true;686;out1694846119763.nf;
groovy.lang.MissingPropertyException;true;687;out1694846120523.nf;
groovy.lang.MissingPropertyException;true;688;out1694846121037.nf;
groovy.lang.MissingPropertyException;true;689;out1694846121504.nf;
groovy.lang.MissingPropertyException;true;690;out1694846122869.nf;
nextflow.exception.ScriptCompilationException;true;211;out1694846123931.nf;
nextflow.exception.ScriptCompilationException;true;212;out1694846124915.nf;
groovy.lang.MissingPropertyException;true;691;out1694846125848.nf;
nextflow.exception.ScriptCompilationException;true;213;out1694846126979.nf;
nextflow.exception.DuplicateProcessInvocation;true;42;out1694846128180.nf;
groovy.lang.MissingPropertyException;true;692;out1694846128660.nf;
nextflow.exception.ScriptCompilationException;true;214;out1694846129169.nf;
nextflow.exception.DuplicateProcessInvocation;true;43;out1694846129421.nf;
nextflow.exception.ScriptCompilationException;true;215;out1694846131029.nf;
groovy.lang.MissingPropertyException;true;693;out1694846131601.nf;
nextflow.exception.ScriptCompilationException;true;216;out1694846132072.nf;
groovy.lang.MissingPropertyException;true;694;out1694846132713.nf;
nextflow.exception.ScriptCompilationException;true;217;out1694846133661.nf;
groovy.lang.MissingPropertyException;true;695;out1694846134116.nf;
nextflow.exception.ScriptCompilationException;true;218;out1694846135515.nf;
groovy.lang.MissingPropertyException;true;696;out1694846136133.nf;
nextflow.exception.ScriptCompilationException;true;219;out1694846137660.nf;
groovy.lang.MissingPropertyException;true;697;out1694846138557.nf;
groovy.lang.MissingPropertyException;true;698;out1694846139934.nf;
groovy.lang.MissingPropertyException;true;699;out1694846140721.nf;
groovy.lang.MissingPropertyException;true;700;out1694846143838.nf;
nextflow.exception.ScriptCompilationException;true;220;out1694846145171.nf;
groovy.lang.MissingPropertyException;true;701;out1694846148206.nf;
groovy.lang.MissingPropertyException;true;702;out1694846148726.nf;
groovy.lang.MissingPropertyException;true;703;out1694846149456.nf;
groovy.lang.MissingPropertyException;true;704;out1694846149971.nf;
groovy.lang.MissingPropertyException;true;705;out1694846150762.nf;
nextflow.exception.ScriptCompilationException;true;221;out1694846151717.nf;
nextflow.exception.ScriptCompilationException;true;222;out1694846152248.nf;
nextflow.exception.ScriptCompilationException;true;223;out1694846153143.nf;
groovy.lang.MissingPropertyException;true;706;out1694846153807.nf;
nextflow.exception.ScriptCompilationException;true;224;out1694846155762.nf;
nextflow.exception.ScriptCompilationException;true;225;out1694846156564.nf;
nextflow.exception.DuplicateProcessInvocation;true;44;out1694846157158.nf;
groovy.lang.MissingPropertyException;true;707;out1694846157634.nf;
groovy.lang.MissingPropertyException;true;708;out1694846158522.nf;
nextflow.exception.ScriptCompilationException;true;226;out1694846158989.nf;
groovy.lang.MissingPropertyException;true;709;out1694846160018.nf;
groovy.lang.MissingPropertyException;true;710;out1694846160965.nf;
groovy.lang.MissingPropertyException;true;711;out1694846161645.nf;
groovy.lang.MissingPropertyException;true;712;out1694846162643.nf;
groovy.lang.MissingPropertyException;true;713;out1694846164839.nf;
groovy.lang.MissingPropertyException;true;714;out1694846165570.nf;
groovy.lang.MissingPropertyException;true;715;out1694846166109.nf;
nextflow.exception.ScriptCompilationException;true;227;out1694846167710.nf;
nextflow.exception.ScriptCompilationException;true;228;out1694846168714.nf;
nextflow.exception.ScriptCompilationException;true;229;out1694846170017.nf;
nextflow.exception.ScriptCompilationException;true;230;out1694846170913.nf;
nextflow.exception.ScriptCompilationException;true;231;out1694846171361.nf;
groovy.lang.MissingPropertyException;true;716;out1694846171963.nf;
groovy.lang.MissingPropertyException;true;717;out1694846172566.nf;
groovy.lang.MissingPropertyException;true;718;out1694846173441.nf;
groovy.lang.MissingPropertyException;true;719;out1694846175364.nf;
groovy.lang.MissingPropertyException;true;720;out1694846176225.nf;
nextflow.exception.ScriptCompilationException;true;232;out1694846176817.nf;
groovy.lang.MissingPropertyException;true;721;out1694846177530.nf;
groovy.lang.MissingPropertyException;true;722;out1694846178312.nf;
groovy.lang.MissingPropertyException;true;723;out1694846179259.nf;
groovy.lang.MissingPropertyException;true;724;out1694846179801.nf;
nextflow.exception.DuplicateProcessInvocation;true;45;out1694846180907.nf;
groovy.lang.MissingPropertyException;true;725;out1694846181857.nf;
nextflow.exception.ScriptCompilationException;true;233;out1694846182530.nf;
groovy.lang.MissingPropertyException;true;726;out1694846184030.nf;
groovy.lang.MissingPropertyException;true;727;out1694846187265.nf;
groovy.lang.MissingPropertyException;true;728;out1694846188021.nf;
nextflow.exception.ScriptCompilationException;true;234;out1694846188467.nf;
groovy.lang.MissingPropertyException;true;729;out1694846189539.nf;
nextflow.exception.ScriptCompilationException;true;235;out1694846190124.nf;
groovy.lang.MissingPropertyException;true;730;out1694846191602.nf;
groovy.lang.MissingPropertyException;true;731;out1694846192054.nf;
groovy.lang.MissingPropertyException;true;732;out1694846193041.nf;
nextflow.exception.ScriptCompilationException;true;236;out1694846193730.nf;
groovy.lang.MissingPropertyException;true;733;out1694846194766.nf;
groovy.lang.MissingPropertyException;true;734;out1694846195954.nf;
groovy.lang.MissingPropertyException;true;735;out1694846196768.nf;
groovy.lang.MissingPropertyException;true;736;out1694846198119.nf;
groovy.lang.MissingPropertyException;true;737;out1694846199579.nf;
groovy.lang.MissingPropertyException;true;738;out1694846200549.nf;
groovy.lang.MissingPropertyException;true;739;out1694846200871.nf;
nextflow.exception.ScriptCompilationException;true;237;out1694846201877.nf;
nextflow.exception.ScriptCompilationException;true;238;out1694846204474.nf;
groovy.lang.MissingPropertyException;true;740;out1694846208174.nf;
groovy.lang.MissingPropertyException;true;741;out1694846209119.nf;
groovy.lang.MissingPropertyException;true;742;out1694846210132.nf;
groovy.lang.MissingPropertyException;true;743;out1694846210650.nf;
groovy.lang.MissingPropertyException;true;744;out1694846212034.nf;
groovy.lang.MissingPropertyException;true;745;out1694846214619.nf;
nextflow.exception.ScriptCompilationException;true;239;out1694846216942.nf;
groovy.lang.MissingPropertyException;true;746;out1694846217440.nf;
groovy.lang.MissingPropertyException;true;747;out1694846218075.nf;
groovy.lang.MissingPropertyException;true;748;out1694846218764.nf;
groovy.lang.MissingPropertyException;true;749;out1694846220964.nf;
nextflow.exception.ScriptCompilationException;true;240;out1694846222207.nf;
groovy.lang.MissingPropertyException;true;750;out1694846223271.nf;
groovy.lang.MissingPropertyException;true;751;out1694846226124.nf;
nextflow.exception.DuplicateProcessInvocation;true;46;out1694846228449.nf;
groovy.lang.MissingPropertyException;true;752;out1694846229020.nf;
groovy.lang.MissingPropertyException;true;753;out1694846231072.nf;
groovy.lang.MissingPropertyException;true;754;out1694846231528.nf;
groovy.lang.MissingPropertyException;true;755;out1694846232129.nf;
groovy.lang.MissingPropertyException;true;756;out1694846232743.nf;
groovy.lang.MissingPropertyException;true;757;out1694846233619.nf;
groovy.lang.MissingPropertyException;true;758;out1694846235274.nf;
groovy.lang.MissingPropertyException;true;759;out1694846237521.nf;
nextflow.exception.DuplicateProcessInvocation;true;47;out1694846238723.nf;
groovy.lang.MissingPropertyException;true;760;out1694846240529.nf;
groovy.lang.MissingPropertyException;true;761;out1694846241026.nf;
groovy.lang.MissingPropertyException;true;762;out1694846242128.nf;
nextflow.exception.ScriptCompilationException;true;241;out1694846242732.nf;
nextflow.exception.ScriptCompilationException;true;242;out1694846244638.nf;
nextflow.exception.ScriptCompilationException;true;243;out1694846245329.nf;
groovy.lang.MissingPropertyException;true;763;out1694846245705.nf;
groovy.lang.MissingPropertyException;true;764;out1694846246677.nf;
groovy.lang.MissingPropertyException;true;765;out1694846248252.nf;
groovy.lang.MissingPropertyException;true;766;out1694846249849.nf;
groovy.lang.MissingPropertyException;true;767;out1694846250742.nf;
groovy.lang.MissingPropertyException;true;768;out1694846252817.nf;
groovy.lang.MissingPropertyException;true;769;out1694846253561.nf;
groovy.lang.MissingPropertyException;true;770;out1694846254523.nf;
groovy.lang.MissingPropertyException;true;771;out1694846255059.nf;
nextflow.exception.ScriptCompilationException;true;244;out1694846255756.nf;
groovy.lang.MissingPropertyException;true;772;out1694846256055.nf;
groovy.lang.MissingPropertyException;true;773;out1694846257059.nf;
groovy.lang.MissingPropertyException;true;774;out1694846259020.nf;
nextflow.exception.ScriptCompilationException;true;245;out1694846260075.nf;
nextflow.exception.ScriptCompilationException;true;246;out1694846260421.nf;
nextflow.exception.ScriptCompilationException;true;247;out1694846260972.nf;
groovy.lang.MissingPropertyException;true;775;out1694846262022.nf;
groovy.lang.MissingPropertyException;true;776;out1694846262664.nf;
groovy.lang.MissingPropertyException;true;777;out1694846263930.nf;
nextflow.exception.ScriptCompilationException;true;248;out1694846265171.nf;
groovy.lang.MissingPropertyException;true;778;out1694846265806.nf;
nextflow.exception.ScriptCompilationException;true;249;out1694846269208.nf;
groovy.lang.MissingPropertyException;true;779;out1694846271872.nf;
groovy.lang.MissingPropertyException;true;780;out1694846274721.nf;
groovy.lang.MissingPropertyException;true;781;out1694846275719.nf;
groovy.lang.MissingPropertyException;true;782;out1694846276267.nf;
nextflow.exception.ScriptCompilationException;true;250;out1694846276559.nf;
groovy.lang.MissingPropertyException;true;783;out1694846277121.nf;
groovy.lang.MissingPropertyException;true;784;out1694846278532.nf;
groovy.lang.MissingPropertyException;true;785;out1694846279245.nf;
groovy.lang.MissingPropertyException;true;786;out1694846280820.nf;
nextflow.exception.ScriptCompilationException;true;251;out1694846281681.nf;
groovy.lang.MissingPropertyException;true;787;out1694846282478.nf;
nextflow.exception.ScriptCompilationException;true;252;out1694846283632.nf;
groovy.lang.MissingPropertyException;true;788;out1694846284664.nf;
groovy.lang.MissingPropertyException;true;789;out1694846285245.nf;
groovy.lang.MissingPropertyException;true;790;out1694846287408.nf;
groovy.lang.MissingPropertyException;true;791;out1694846288530.nf;
nextflow.exception.ScriptCompilationException;true;253;out1694846289107.nf;
groovy.lang.MissingPropertyException;true;792;out1694846290045.nf;
groovy.lang.MissingPropertyException;true;793;out1694846290541.nf;
groovy.lang.MissingPropertyException;true;794;out1694846291178.nf;
groovy.lang.MissingPropertyException;true;795;out1694846291862.nf;
nextflow.exception.ScriptCompilationException;true;254;out1694846292915.nf;
groovy.lang.MissingPropertyException;true;796;out1694846293672.nf;
nextflow.exception.ScriptCompilationException;true;255;out1694846295537.nf;
nextflow.exception.ScriptCompilationException;true;256;out1694846296604.nf;
groovy.lang.MissingPropertyException;true;797;out1694846298908.nf;
nextflow.exception.ScriptCompilationException;true;257;out1694846299754.nf;
groovy.lang.MissingPropertyException;true;798;out1694846300447.nf;
groovy.lang.MissingPropertyException;true;799;out1694846300813.nf;
groovy.lang.MissingPropertyException;true;800;out1694846301553.nf;
nextflow.exception.ScriptCompilationException;true;258;out1694846302817.nf;
groovy.lang.MissingPropertyException;true;801;out1694846303710.nf;
nextflow.exception.ScriptCompilationException;true;259;out1694846304761.nf;
groovy.lang.MissingPropertyException;true;802;out1694846305370.nf;
groovy.lang.MissingPropertyException;true;803;out1694846306024.nf;
groovy.lang.MissingPropertyException;true;804;out1694846308220.nf;
nextflow.exception.ScriptCompilationException;true;260;out1694846310159.nf;
groovy.lang.MissingPropertyException;true;805;out1694846310912.nf;
groovy.lang.MissingPropertyException;true;806;out1694846312060.nf;
groovy.lang.MissingPropertyException;true;807;out1694846313331.nf;
groovy.lang.MissingPropertyException;true;808;out1694846313925.nf;
nextflow.exception.DuplicateProcessInvocation;true;48;out1694846315237.nf;
groovy.lang.MissingPropertyException;true;809;out1694846316356.nf;
groovy.lang.MissingPropertyException;true;810;out1694846317970.nf;
nextflow.exception.ScriptCompilationException;true;261;out1694846318841.nf;
groovy.lang.MissingPropertyException;true;811;out1694846320704.nf;
nextflow.exception.DuplicateProcessInvocation;true;49;out1694846324505.nf;
groovy.lang.MissingPropertyException;true;812;out1694846326378.nf;
groovy.lang.MissingPropertyException;true;813;out1694846328571.nf;
nextflow.exception.ScriptCompilationException;true;262;out1694846329675.nf;
groovy.lang.MissingPropertyException;true;814;out1694846330246.nf;
groovy.lang.MissingPropertyException;true;815;out1694846331303.nf;
nextflow.exception.ScriptCompilationException;true;263;out1694846331947.nf;
groovy.lang.MissingPropertyException;true;816;out1694846333022.nf;
nextflow.exception.ScriptCompilationException;true;264;out1694846333837.nf;
groovy.lang.MissingPropertyException;true;817;out1694846334385.nf;
nextflow.exception.DuplicateProcessInvocation;true;50;out1694846335059.nf;
groovy.lang.MissingPropertyException;true;818;out1694846335972.nf;
groovy.lang.MissingPropertyException;true;819;out1694846336821.nf;
nextflow.exception.ScriptCompilationException;true;265;out1694846337547.nf;
groovy.lang.MissingPropertyException;true;820;out1694846339125.nf;
groovy.lang.MissingPropertyException;true;821;out1694846341630.nf;
groovy.lang.MissingPropertyException;true;822;out1694846343465.nf;
groovy.lang.MissingPropertyException;true;823;out1694846344073.nf;
groovy.lang.MissingPropertyException;true;824;out1694846344809.nf;
groovy.lang.MissingPropertyException;true;825;out1694846346528.nf;
groovy.lang.MissingPropertyException;true;826;out1694846347234.nf;
groovy.lang.MissingPropertyException;true;827;out1694846348375.nf;
groovy.lang.MissingPropertyException;true;828;out1694846349962.nf;
groovy.lang.MissingPropertyException;true;829;out1694846350634.nf;
nextflow.exception.ScriptCompilationException;true;266;out1694846352014.nf;
groovy.lang.MissingPropertyException;true;830;out1694846352981.nf;
groovy.lang.MissingPropertyException;true;831;out1694846354375.nf;
groovy.lang.MissingPropertyException;true;832;out1694846355216.nf;
groovy.lang.MissingPropertyException;true;833;out1694846356055.nf;
groovy.lang.MissingPropertyException;true;834;out1694846356932.nf;
groovy.lang.MissingPropertyException;true;835;out1694846357718.nf;
groovy.lang.MissingPropertyException;true;836;out1694846361972.nf;
nextflow.exception.DuplicateProcessInvocation;true;51;out1694846363422.nf;
nextflow.exception.ScriptCompilationException;true;267;out1694846364276.nf;
groovy.lang.MissingPropertyException;true;837;out1694846365110.nf;
groovy.lang.MissingPropertyException;true;838;out1694846366059.nf;
nextflow.exception.ScriptCompilationException;true;268;out1694846366906.nf;
groovy.lang.MissingPropertyException;true;839;out1694846367252.nf;
groovy.lang.MissingPropertyException;true;840;out1694846367862.nf;
nextflow.exception.ScriptCompilationException;true;269;out1694846369771.nf;
groovy.lang.MissingPropertyException;true;841;out1694846370761.nf;
groovy.lang.MissingPropertyException;true;842;out1694846371870.nf;
groovy.lang.MissingPropertyException;true;843;out1694846373150.nf;
nextflow.exception.ScriptCompilationException;true;270;out1694846374263.nf;
groovy.lang.MissingPropertyException;true;844;out1694846374855.nf;
groovy.lang.MissingPropertyException;true;845;out1694846375938.nf;
groovy.lang.MissingPropertyException;true;846;out1694846376475.nf;
groovy.lang.MissingPropertyException;true;847;out1694846379284.nf;
groovy.lang.MissingPropertyException;true;848;out1694846380173.nf;
groovy.lang.MissingPropertyException;true;849;out1694846380839.nf;
nextflow.exception.ScriptCompilationException;true;271;out1694846381704.nf;
groovy.lang.MissingPropertyException;true;850;out1694846383755.nf;
nextflow.exception.ScriptCompilationException;true;272;out1694846385046.nf;
groovy.lang.MissingPropertyException;true;851;out1694846386161.nf;
nextflow.exception.ScriptCompilationException;true;273;out1694846387434.nf;
nextflow.exception.ScriptCompilationException;true;274;out1694846387824.nf;
groovy.lang.MissingPropertyException;true;852;out1694846388923.nf;
nextflow.exception.ScriptCompilationException;true;275;out1694846389546.nf;
groovy.lang.MissingPropertyException;true;853;out1694846390680.nf;
groovy.lang.MissingPropertyException;true;854;out1694846391752.nf;
nextflow.exception.DuplicateProcessInvocation;true;52;out1694846392648.nf;
groovy.lang.MissingPropertyException;true;855;out1694846393944.nf;
nextflow.exception.DuplicateProcessInvocation;true;53;out1694846394704.nf;
groovy.lang.MissingPropertyException;true;856;out1694846397542.nf;
groovy.lang.MissingPropertyException;true;857;out1694846398772.nf;
groovy.lang.MissingPropertyException;true;858;out1694846399437.nf;
nextflow.exception.ScriptCompilationException;true;276;out1694846400469.nf;
groovy.lang.MissingPropertyException;true;859;out1694846400923.nf;
nextflow.exception.ScriptCompilationException;true;277;out1694846401903.nf;
nextflow.exception.ScriptCompilationException;true;278;out1694846403015.nf;
nextflow.exception.ScriptCompilationException;true;279;out1694846403673.nf;
groovy.lang.MissingPropertyException;true;860;out1694846405435.nf;
groovy.lang.MissingPropertyException;true;861;out1694846406004.nf;
groovy.lang.MissingPropertyException;true;862;out1694846406731.nf;
nextflow.exception.ScriptCompilationException;true;280;out1694846412216.nf;
groovy.lang.MissingPropertyException;true;863;out1694846412677.nf;
nextflow.exception.ScriptCompilationException;true;281;out1694846414429.nf;
nextflow.exception.ScriptCompilationException;true;282;out1694846415246.nf;
nextflow.exception.DuplicateProcessInvocation;true;54;out1694846415754.nf;
groovy.lang.MissingPropertyException;true;864;out1694846416760.nf;
nextflow.exception.ScriptCompilationException;true;283;out1694846417657.nf;
nextflow.exception.ScriptCompilationException;true;284;out1694846418372.nf;
nextflow.exception.ScriptCompilationException;true;285;out1694846418965.nf;
groovy.lang.MissingPropertyException;true;865;out1694846419576.nf;
groovy.lang.MissingPropertyException;true;866;out1694846420653.nf;
groovy.lang.MissingPropertyException;true;867;out1694846421633.nf;
groovy.lang.MissingPropertyException;true;868;out1694846422916.nf;
groovy.lang.MissingPropertyException;true;869;out1694846423540.nf;
nextflow.exception.ScriptCompilationException;true;286;out1694846424388.nf;
nextflow.exception.DuplicateProcessInvocation;true;55;out1694846425155.nf;
groovy.lang.MissingPropertyException;true;870;out1694846427280.nf;
groovy.lang.MissingPropertyException;true;871;out1694846427716.nf;
groovy.lang.MissingPropertyException;true;872;out1694846428333.nf;
groovy.lang.MissingPropertyException;true;873;out1694846429711.nf;
nextflow.exception.ScriptCompilationException;true;287;out1694846430759.nf;
nextflow.exception.ScriptCompilationException;true;288;out1694846431740.nf;
groovy.lang.MissingPropertyException;true;874;out1694846433653.nf;
groovy.lang.MissingPropertyException;true;875;out1694846434373.nf;
groovy.lang.MissingPropertyException;true;876;out1694846435104.nf;
groovy.lang.MissingPropertyException;true;877;out1694846435710.nf;
groovy.lang.MissingPropertyException;true;878;out1694846436501.nf;
groovy.lang.MissingPropertyException;true;879;out1694846437458.nf;
groovy.lang.MissingPropertyException;true;880;out1694846438529.nf;
groovy.lang.MissingPropertyException;true;881;out1694846439534.nf;
groovy.lang.MissingPropertyException;true;882;out1694846441401.nf;
nextflow.exception.ScriptCompilationException;true;289;out1694846442812.nf;
groovy.lang.MissingPropertyException;true;883;out1694846444063.nf;
groovy.lang.MissingPropertyException;true;884;out1694846445726.nf;
groovy.lang.MissingPropertyException;true;885;out1694846446648.nf;
groovy.lang.MissingPropertyException;true;886;out1694846447547.nf;
groovy.lang.MissingPropertyException;true;887;out1694846448707.nf;
nextflow.exception.DuplicateProcessInvocation;true;56;out1694846449152.nf;
groovy.lang.MissingPropertyException;true;888;out1694846451077.nf;
groovy.lang.MissingPropertyException;true;889;out1694846451974.nf;
groovy.lang.MissingPropertyException;true;890;out1694846452869.nf;
nextflow.exception.ScriptCompilationException;true;290;out1694846453861.nf;
groovy.lang.MissingPropertyException;true;891;out1694846454522.nf;
nextflow.exception.ScriptCompilationException;true;291;out1694846455870.nf;
groovy.lang.MissingPropertyException;true;892;out1694846456440.nf;
nextflow.exception.ScriptCompilationException;true;292;out1694846457600.nf;
groovy.lang.MissingPropertyException;true;893;out1694846458212.nf;
nextflow.exception.ScriptCompilationException;true;293;out1694846459571.nf;
nextflow.exception.ScriptCompilationException;true;294;out1694846461718.nf;
groovy.lang.MissingPropertyException;true;894;out1694846462875.nf;
groovy.lang.MissingPropertyException;true;895;out1694846464420.nf;
groovy.lang.MissingPropertyException;true;896;out1694846465940.nf;
groovy.lang.MissingPropertyException;true;897;out1694846467944.nf;
groovy.lang.MissingPropertyException;true;898;out1694846469009.nf;
groovy.lang.MissingPropertyException;true;899;out1694846470447.nf;
groovy.lang.MissingPropertyException;true;900;out1694846472006.nf;
groovy.lang.MissingPropertyException;true;901;out1694846472868.nf;
groovy.lang.MissingPropertyException;true;902;out1694846473740.nf;
groovy.lang.MissingPropertyException;true;903;out1694846476010.nf;
nextflow.exception.ScriptCompilationException;true;295;out1694846477325.nf;
groovy.lang.MissingPropertyException;true;904;out1694846478862.nf;
nextflow.exception.ScriptCompilationException;true;296;out1694846482435.nf;
groovy.lang.MissingPropertyException;true;905;out1694846484572.nf;
groovy.lang.MissingPropertyException;true;906;out1694846485537.nf;
groovy.lang.MissingPropertyException;true;907;out1694846488351.nf;
nextflow.exception.ScriptCompilationException;true;297;out1694846489625.nf;
groovy.lang.MissingPropertyException;true;908;out1694846490535.nf;
nextflow.exception.ScriptCompilationException;true;298;out1694846493172.nf;
groovy.lang.MissingPropertyException;true;909;out1694846494567.nf;
nextflow.exception.ScriptCompilationException;true;299;out1694846495725.nf;
nextflow.exception.ScriptCompilationException;true;300;out1694846496627.nf;
groovy.lang.MissingPropertyException;true;910;out1694846497353.nf;
groovy.lang.MissingPropertyException;true;911;out1694846498401.nf;
groovy.lang.MissingPropertyException;true;912;out1694846499123.nf;
groovy.lang.MissingPropertyException;true;913;out1694846500317.nf;
groovy.lang.MissingPropertyException;true;914;out1694846501115.nf;
groovy.lang.MissingPropertyException;true;915;out1694846502601.nf;
groovy.lang.MissingPropertyException;true;916;out1694846503732.nf;
nextflow.exception.ScriptCompilationException;true;301;out1694846508273.nf;
groovy.lang.MissingPropertyException;true;917;out1694846509216.nf;
groovy.lang.MissingPropertyException;true;918;out1694846510408.nf;
groovy.lang.MissingPropertyException;true;919;out1694846512174.nf;
groovy.lang.MissingPropertyException;true;920;out1694846513225.nf;
nextflow.exception.ScriptCompilationException;true;302;out1694846513860.nf;
groovy.lang.MissingPropertyException;true;921;out1694846514562.nf;
groovy.lang.MissingPropertyException;true;922;out1694846515418.nf;
nextflow.exception.ScriptCompilationException;true;303;out1694846516348.nf;
nextflow.exception.ScriptCompilationException;true;304;out1694846519721.nf;
groovy.lang.MissingPropertyException;true;923;out1694846520953.nf;
groovy.lang.MissingPropertyException;true;924;out1694846521642.nf;
groovy.lang.MissingPropertyException;true;925;out1694846523170.nf;
groovy.lang.MissingPropertyException;true;926;out1694846524854.nf;
groovy.lang.MissingPropertyException;true;927;out1694846526946.nf;
nextflow.exception.DuplicateProcessInvocation;true;57;out1694846527810.nf;
nextflow.exception.ScriptCompilationException;true;305;out1694846528376.nf;
groovy.lang.MissingPropertyException;true;928;out1694846529229.nf;
groovy.lang.MissingPropertyException;true;929;out1694846529871.nf;
groovy.lang.MissingPropertyException;true;930;out1694846531256.nf;
groovy.lang.MissingPropertyException;true;931;out1694846533001.nf;
nextflow.exception.DuplicateProcessInvocation;true;58;out1694846534268.nf;
nextflow.exception.ScriptCompilationException;true;306;out1694846536546.nf;
nextflow.exception.ScriptCompilationException;true;307;out1694846537429.nf;
nextflow.exception.DuplicateProcessInvocation;true;59;out1694846539223.nf;
nextflow.exception.ScriptCompilationException;true;308;out1694846542971.nf;
groovy.lang.MissingPropertyException;true;932;out1694846544719.nf;
groovy.lang.MissingPropertyException;true;933;out1694846546105.nf;
groovy.lang.MissingPropertyException;true;934;out1694846547962.nf;
groovy.lang.MissingPropertyException;true;935;out1694846548806.nf;
nextflow.exception.ScriptCompilationException;true;309;out1694846551070.nf;
groovy.lang.MissingPropertyException;true;936;out1694846552672.nf;
nextflow.exception.ScriptCompilationException;true;310;out1694846553717.nf;
groovy.lang.MissingPropertyException;true;937;out1694846554273.nf;
groovy.lang.MissingPropertyException;true;938;out1694846555310.nf;
nextflow.exception.ScriptCompilationException;true;311;out1694846556265.nf;
groovy.lang.MissingPropertyException;true;939;out1694846557637.nf;
nextflow.exception.ScriptCompilationException;true;312;out1694846563755.nf;
nextflow.exception.ScriptCompilationException;true;313;out1694846564903.nf;
groovy.lang.MissingPropertyException;true;940;out1694846565277.nf;
groovy.lang.MissingPropertyException;true;941;out1694846567967.nf;
groovy.lang.MissingPropertyException;true;942;out1694846568834.nf;
groovy.lang.MissingPropertyException;true;943;out1694846571043.nf;
groovy.lang.MissingPropertyException;true;944;out1694846571606.nf;
nextflow.exception.DuplicateProcessInvocation;true;60;out1694846573135.nf;
nextflow.exception.ScriptCompilationException;true;314;out1694846575006.nf;
nextflow.exception.ScriptCompilationException;true;315;out1694846575900.nf;
nextflow.exception.DuplicateProcessInvocation;true;61;out1694846579052.nf;
nextflow.exception.ScriptCompilationException;true;316;out1694846579934.nf;
groovy.lang.MissingPropertyException;true;945;out1694846580831.nf;
nextflow.exception.DuplicateProcessInvocation;true;62;out1694846582327.nf;
groovy.lang.MissingPropertyException;true;946;out1694846583911.nf;
groovy.lang.MissingPropertyException;true;947;out1694846585062.nf;
nextflow.exception.ScriptCompilationException;true;317;out1694846585907.nf;
groovy.lang.MissingPropertyException;true;948;out1694846587411.nf;
groovy.lang.MissingPropertyException;true;949;out1694846591575.nf;
groovy.lang.MissingPropertyException;true;950;out1694846593330.nf;
nextflow.exception.DuplicateProcessInvocation;true;63;out1694846594760.nf;
groovy.lang.MissingPropertyException;true;951;out1694846596255.nf;
groovy.lang.MissingPropertyException;true;952;out1694846597355.nf;
groovy.lang.MissingPropertyException;true;953;out1694846598376.nf;
groovy.lang.MissingPropertyException;true;954;out1694846601616.nf;
groovy.lang.MissingPropertyException;true;955;out1694846602628.nf;
nextflow.exception.ScriptCompilationException;true;318;out1694846604272.nf;
groovy.lang.MissingPropertyException;true;956;out1694846604802.nf;
groovy.lang.MissingPropertyException;true;957;out1694846605616.nf;
groovy.lang.MissingPropertyException;true;958;out1694846606563.nf;
groovy.lang.MissingPropertyException;true;959;out1694846608034.nf;
groovy.lang.MissingPropertyException;true;960;out1694846609076.nf;
groovy.lang.MissingPropertyException;true;961;out1694846609871.nf;
groovy.lang.MissingPropertyException;true;962;out1694846610640.nf;
nextflow.exception.ScriptCompilationException;true;319;out1694846612108.nf;
groovy.lang.MissingPropertyException;true;963;out1694846613267.nf;
groovy.lang.MissingPropertyException;true;964;out1694846614148.nf;
groovy.lang.MissingPropertyException;false;965;out1694846615128.nf;
nextflow.exception.ScriptCompilationException;true;320;out1694846615957.nf;
nextflow.exception.ScriptCompilationException;true;321;out1694846617118.nf;
groovy.lang.MissingPropertyException;true;966;out1694846617731.nf;
groovy.lang.MissingPropertyException;true;967;out1694846620260.nf;
groovy.lang.MissingPropertyException;true;968;out1694846621048.nf;
groovy.lang.MissingPropertyException;true;969;out1694846622170.nf;
groovy.lang.MissingPropertyException;true;970;out1694846623538.nf;
nextflow.exception.DuplicateProcessInvocation;true;64;out1694846625544.nf;
nextflow.exception.ScriptCompilationException;true;322;out1694846626512.nf;
groovy.lang.MissingPropertyException;true;971;out1694846627330.nf;
groovy.lang.MissingPropertyException;true;972;out1694846628901.nf;
groovy.lang.MissingPropertyException;true;973;out1694846629580.nf;
groovy.lang.MissingPropertyException;true;974;out1694846632050.nf;
nextflow.exception.ScriptCompilationException;true;323;out1694846632931.nf;
groovy.lang.MissingPropertyException;true;975;out1694846633540.nf;
groovy.lang.MissingPropertyException;true;976;out1694846634351.nf;
nextflow.exception.DuplicateProcessInvocation;true;65;out1694846636240.nf;
groovy.lang.MissingPropertyException;true;977;out1694846637342.nf;
groovy.lang.MissingPropertyException;true;978;out1694846638535.nf;
groovy.lang.MissingPropertyException;true;979;out1694846640067.nf;
groovy.lang.MissingPropertyException;true;980;out1694846641828.nf;
groovy.lang.MissingPropertyException;true;981;out1694846642726.nf;
groovy.lang.MissingPropertyException;true;982;out1694846644624.nf;
groovy.lang.MissingPropertyException;true;983;out1694846646079.nf;
groovy.lang.MissingPropertyException;true;984;out1694846647166.nf;
nextflow.exception.ScriptCompilationException;true;324;out1694846647979.nf;
groovy.lang.MissingPropertyException;true;985;out1694846648770.nf;
groovy.lang.MissingPropertyException;true;986;out1694846650419.nf;
groovy.lang.MissingPropertyException;true;987;out1694846651562.nf;
nextflow.exception.ScriptCompilationException;true;325;out1694846652530.nf;
groovy.lang.MissingPropertyException;true;988;out1694846653369.nf;
nextflow.exception.ScriptCompilationException;true;326;out1694846654472.nf;
groovy.lang.MissingPropertyException;true;989;out1694846655005.nf;
nextflow.exception.DuplicateProcessInvocation;true;66;out1694846655778.nf;
groovy.lang.MissingPropertyException;true;990;out1694846658472.nf;
groovy.lang.MissingPropertyException;true;991;out1694846659736.nf;
groovy.lang.MissingPropertyException;true;992;out1694846661343.nf;
groovy.lang.MissingPropertyException;true;993;out1694846663169.nf;
groovy.lang.MissingPropertyException;true;994;out1694846665129.nf;
nextflow.exception.ScriptCompilationException;true;327;out1694846666207.nf;
nextflow.exception.DuplicateProcessInvocation;true;67;out1694846667215.nf;
groovy.lang.MissingPropertyException;true;995;out1694846671840.nf;
groovy.lang.MissingPropertyException;true;996;out1694846673636.nf;
groovy.lang.MissingPropertyException;true;997;out1694846675120.nf;
groovy.lang.MissingPropertyException;true;998;out1694846676411.nf;
groovy.lang.MissingPropertyException;true;999;out1694846677446.nf;
groovy.lang.MissingPropertyException;true;1000;out1694846678309.nf;
groovy.lang.MissingPropertyException;true;1001;out1694846680201.nf;
nextflow.exception.ScriptCompilationException;true;328;out1694846681118.nf;
groovy.lang.MissingPropertyException;true;1002;out1694846681945.nf;
groovy.lang.MissingPropertyException;true;1003;out1694846684957.nf;
nextflow.exception.ScriptCompilationException;true;329;out1694846685766.nf;
groovy.lang.MissingPropertyException;true;1004;out1694846686708.nf;
groovy.lang.MissingPropertyException;true;1005;out1694846687474.nf;
nextflow.exception.ScriptCompilationException;true;330;out1694846688204.nf;
groovy.lang.MissingPropertyException;true;1006;out1694846689045.nf;
groovy.lang.MissingPropertyException;true;1007;out1694846690606.nf;
groovy.lang.MissingPropertyException;true;1008;out1694846692153.nf;
groovy.lang.MissingPropertyException;true;1009;out1694846693806.nf;
groovy.lang.MissingPropertyException;true;1010;out1694846694511.nf;
groovy.lang.MissingPropertyException;true;1011;out1694846695623.nf;
nextflow.exception.ScriptCompilationException;true;331;out1694846696724.nf;
groovy.lang.MissingPropertyException;true;1012;out1694846699228.nf;
groovy.lang.MissingPropertyException;true;1013;out1694846703154.nf;
nextflow.exception.ScriptCompilationException;true;332;out1694846704353.nf;
groovy.lang.MissingPropertyException;true;1014;out1694846705314.nf;
groovy.lang.MissingPropertyException;true;1015;out1694846706560.nf;
groovy.lang.MissingPropertyException;true;1016;out1694846709143.nf;
groovy.lang.MissingPropertyException;true;1017;out1694846710520.nf;
nextflow.exception.DuplicateProcessInvocation;true;68;out1694846714146.nf;
groovy.lang.MissingPropertyException;true;1018;out1694846715154.nf;
groovy.lang.MissingPropertyException;true;1019;out1694846716127.nf;
