groovy.lang.MissingPropertyException;true;1;out1695089995151.nf;
groovy.lang.MissingPropertyException;true;2;out1695090001267.nf;
nextflow.exception.ScriptCompilationException;true;1;out1695090002663.nf;
nextflow.exception.DuplicateProcessInvocation;true;1;out1695090003150.nf;
groovy.lang.MissingPropertyException;true;3;out1695090003928.nf;
nextflow.exception.ScriptCompilationException;true;2;out1695090004574.nf;
groovy.lang.MissingPropertyException;true;4;out1695090004984.nf;
groovy.lang.MissingPropertyException;true;5;out1695090005817.nf;
groovy.lang.MissingPropertyException;true;6;out1695090006239.nf;
groovy.lang.MissingPropertyException;true;7;out1695090006778.nf;
nextflow.exception.ScriptCompilationException;true;3;out1695090007241.nf;
groovy.lang.MissingPropertyException;true;8;out1695090007919.nf;
groovy.lang.MissingPropertyException;true;9;out1695090008384.nf;
nextflow.exception.ScriptCompilationException;true;4;out1695090008972.nf;
groovy.lang.MissingPropertyException;true;10;out1695090009281.nf;
groovy.lang.MissingPropertyException;true;11;out1695090009816.nf;
groovy.lang.MissingPropertyException;true;12;out1695090010448.nf;
groovy.lang.MissingPropertyException;true;13;out1695090011238.nf;
groovy.lang.MissingPropertyException;true;14;out1695090011926.nf;
groovy.lang.MissingPropertyException;true;15;out1695090012291.nf;
groovy.lang.MissingPropertyException;true;16;out1695090012879.nf;
nextflow.exception.AbortRunException;true;1;out1695090013186.nf;
groovy.lang.MissingPropertyException;true;17;out1695090014565.nf;
groovy.lang.MissingPropertyException;true;18;out1695090015065.nf;
nextflow.exception.ScriptCompilationException;true;5;out1695090015942.nf;
groovy.lang.MissingPropertyException;true;19;out1695090016299.nf;
nextflow.exception.DuplicateProcessInvocation;true;2;out1695090016734.nf;
groovy.lang.MissingPropertyException;true;20;out1695090017221.nf;
groovy.lang.MissingPropertyException;true;21;out1695090017637.nf;
nextflow.exception.ScriptCompilationException;true;6;out1695090018179.nf;
groovy.lang.MissingPropertyException;true;22;out1695090019016.nf;
groovy.lang.MissingPropertyException;true;23;out1695090019421.nf;
groovy.lang.MissingPropertyException;true;24;out1695090020270.nf;
groovy.lang.MissingPropertyException;true;25;out1695090020720.nf;
nextflow.exception.ScriptCompilationException;true;7;out1695090021285.nf;
groovy.lang.MissingPropertyException;true;26;out1695090021612.nf;
groovy.lang.MissingPropertyException;true;27;out1695090022119.nf;
groovy.lang.MissingPropertyException;true;28;out1695090022550.nf;
groovy.lang.MissingPropertyException;true;29;out1695090023078.nf;
groovy.lang.MissingPropertyException;true;30;out1695090023759.nf;
groovy.lang.MissingPropertyException;true;31;out1695090024130.nf;
groovy.lang.MissingPropertyException;true;32;out1695090024682.nf;
nextflow.exception.ScriptCompilationException;true;8;out1695090025216.nf;
groovy.lang.MissingPropertyException;true;33;out1695090025340.nf;
nextflow.exception.ScriptCompilationException;true;9;out1695090025852.nf;
groovy.lang.MissingPropertyException;true;34;out1695090026361.nf;
groovy.lang.MissingPropertyException;true;35;out1695090026817.nf;
nextflow.exception.ScriptCompilationException;true;10;out1695090027211.nf;
nextflow.exception.ScriptCompilationException;true;11;out1695090027477.nf;
groovy.lang.MissingPropertyException;true;36;out1695090027972.nf;
groovy.lang.MissingPropertyException;true;37;out1695090028576.nf;
groovy.lang.MissingPropertyException;true;38;out1695090029059.nf;
groovy.lang.MissingPropertyException;true;39;out1695090029619.nf;
groovy.lang.MissingPropertyException;true;40;out1695090029967.nf;
groovy.lang.MissingPropertyException;true;41;out1695090030427.nf;
groovy.lang.MissingPropertyException;true;42;out1695090030764.nf;
groovy.lang.MissingPropertyException;true;43;out1695090031140.nf;
groovy.lang.MissingPropertyException;true;44;out1695090031505.nf;
groovy.lang.MissingPropertyException;true;45;out1695090031846.nf;
groovy.lang.MissingPropertyException;true;46;out1695090032257.nf;
groovy.lang.MissingPropertyException;true;47;out1695090032567.nf;
groovy.lang.MissingPropertyException;true;48;out1695090032912.nf;
nextflow.exception.ScriptCompilationException;true;12;out1695090033241.nf;
groovy.lang.MissingPropertyException;true;49;out1695090033655.nf;
nextflow.exception.ScriptCompilationException;true;13;out1695090033977.nf;
groovy.lang.MissingPropertyException;true;50;out1695090034362.nf;
nextflow.exception.ScriptCompilationException;true;14;out1695090034866.nf;
nextflow.exception.ScriptCompilationException;true;15;out1695090035119.nf;
nextflow.exception.DuplicateProcessInvocation;true;3;out1695090035250.nf;
groovy.lang.MissingPropertyException;true;51;out1695090035681.nf;
groovy.lang.MissingPropertyException;true;52;out1695090036041.nf;
groovy.lang.MissingPropertyException;true;53;out1695090036441.nf;
groovy.lang.MissingPropertyException;true;54;out1695090036760.nf;
groovy.lang.MissingPropertyException;true;55;out1695090037052.nf;
groovy.lang.MissingPropertyException;true;56;out1695090037444.nf;
groovy.lang.MissingPropertyException;true;57;out1695090037816.nf;
groovy.lang.MissingPropertyException;true;58;out1695090038077.nf;
groovy.lang.MissingPropertyException;true;59;out1695090038432.nf;
groovy.lang.MissingPropertyException;true;60;out1695090038800.nf;
nextflow.exception.DuplicateProcessInvocation;true;4;out1695090039167.nf;
nextflow.exception.ScriptCompilationException;true;16;out1695090039614.nf;
groovy.lang.MissingPropertyException;true;61;out1695090039950.nf;
groovy.lang.MissingPropertyException;true;62;out1695090040259.nf;
groovy.lang.MissingPropertyException;true;63;out1695090040919.nf;
groovy.lang.MissingPropertyException;true;64;out1695090041215.nf;
nextflow.exception.DuplicateProcessInvocation;true;5;out1695090041790.nf;
groovy.lang.MissingPropertyException;true;65;out1695090042061.nf;
groovy.lang.MissingPropertyException;true;66;out1695090042336.nf;
groovy.lang.MissingPropertyException;true;67;out1695090042616.nf;
groovy.lang.MissingPropertyException;true;68;out1695090042680.nf;
groovy.lang.MissingPropertyException;true;69;out1695090042994.nf;
groovy.lang.MissingPropertyException;true;70;out1695090043774.nf;
groovy.lang.MissingPropertyException;true;71;out1695090044121.nf;
groovy.lang.MissingPropertyException;true;72;out1695090044384.nf;
groovy.lang.MissingPropertyException;true;73;out1695090044684.nf;
nextflow.exception.ScriptCompilationException;true;17;out1695090045115.nf;
groovy.lang.MissingPropertyException;true;74;out1695090045254.nf;
nextflow.exception.ScriptCompilationException;true;18;out1695090045591.nf;
groovy.lang.MissingPropertyException;true;75;out1695090045967.nf;
groovy.lang.MissingPropertyException;true;76;out1695090046322.nf;
nextflow.exception.DuplicateProcessInvocation;true;6;out1695090048449.nf;
groovy.lang.MissingPropertyException;true;77;out1695090048985.nf;
nextflow.exception.DuplicateProcessInvocation;true;7;out1695090049463.nf;
groovy.lang.MissingPropertyException;true;78;out1695090050332.nf;
nextflow.exception.DuplicateProcessInvocation;true;8;out1695090050634.nf;
groovy.lang.MissingPropertyException;true;79;out1695090050944.nf;
groovy.lang.MissingPropertyException;true;80;out1695090051446.nf;
groovy.lang.MissingPropertyException;true;81;out1695090051730.nf;
groovy.lang.MissingPropertyException;true;82;out1695090052114.nf;
groovy.lang.MissingPropertyException;true;83;out1695090052722.nf;
nextflow.exception.ScriptCompilationException;true;19;out1695090052990.nf;
groovy.lang.MissingPropertyException;true;84;out1695090053232.nf;
nextflow.exception.ScriptCompilationException;true;20;out1695090053652.nf;
groovy.lang.MissingPropertyException;true;85;out1695090053949.nf;
groovy.lang.MissingPropertyException;true;86;out1695090054204.nf;
nextflow.exception.ScriptCompilationException;true;21;out1695090054561.nf;
groovy.lang.MissingPropertyException;true;87;out1695090054714.nf;
groovy.lang.MissingPropertyException;true;88;out1695090055052.nf;
nextflow.exception.ScriptCompilationException;true;22;out1695090055339.nf;
groovy.lang.MissingPropertyException;true;89;out1695090055617.nf;
groovy.lang.MissingPropertyException;true;90;out1695090056219.nf;
groovy.lang.MissingPropertyException;true;91;out1695090056662.nf;
groovy.lang.MissingPropertyException;true;92;out1695090056953.nf;
nextflow.exception.ScriptCompilationException;true;23;out1695090057235.nf;
groovy.lang.MissingPropertyException;true;93;out1695090057618.nf;
groovy.lang.MissingPropertyException;true;94;out1695090058059.nf;
groovy.lang.MissingPropertyException;true;95;out1695090058493.nf;
nextflow.exception.ScriptCompilationException;true;24;out1695090058856.nf;
groovy.lang.MissingPropertyException;true;96;out1695090059225.nf;
groovy.lang.MissingPropertyException;true;97;out1695090059665.nf;
groovy.lang.MissingPropertyException;true;98;out1695090060057.nf;
groovy.lang.MissingPropertyException;true;99;out1695090060758.nf;
groovy.lang.MissingPropertyException;true;100;out1695090061055.nf;
groovy.lang.MissingPropertyException;true;101;out1695090061440.nf;
nextflow.exception.ScriptCompilationException;true;25;out1695090061866.nf;
groovy.lang.MissingPropertyException;true;102;out1695090061938.nf;
groovy.lang.MissingPropertyException;true;103;out1695090062220.nf;
groovy.lang.MissingPropertyException;true;104;out1695090062772.nf;
groovy.lang.MissingPropertyException;true;105;out1695090063168.nf;
groovy.lang.MissingPropertyException;true;106;out1695090063567.nf;
groovy.lang.MissingPropertyException;true;107;out1695090064151.nf;
groovy.lang.MissingPropertyException;true;108;out1695090064638.nf;
groovy.lang.MissingPropertyException;true;109;out1695090064963.nf;
groovy.lang.MissingPropertyException;true;110;out1695090065573.nf;
nextflow.exception.DuplicateProcessInvocation;true;9;out1695090065841.nf;
groovy.lang.MissingPropertyException;true;111;out1695090066089.nf;
groovy.lang.MissingPropertyException;true;112;out1695090066522.nf;
groovy.lang.MissingPropertyException;true;113;out1695090066973.nf;
nextflow.exception.ScriptCompilationException;true;26;out1695090067316.nf;
nextflow.exception.ScriptCompilationException;true;27;out1695090067771.nf;
groovy.lang.MissingPropertyException;true;114;out1695090068035.nf;
groovy.lang.MissingPropertyException;true;115;out1695090068188.nf;
nextflow.exception.ScriptCompilationException;true;28;out1695090068625.nf;
groovy.lang.MissingPropertyException;true;116;out1695090068757.nf;
groovy.lang.MissingPropertyException;true;117;out1695090069279.nf;
nextflow.exception.ScriptCompilationException;true;29;out1695090069612.nf;
groovy.lang.MissingPropertyException;true;118;out1695090070044.nf;
nextflow.exception.ScriptCompilationException;true;30;out1695090070534.nf;
groovy.lang.MissingPropertyException;true;119;out1695090070861.nf;
groovy.lang.MissingPropertyException;true;120;out1695090071850.nf;
groovy.lang.MissingPropertyException;true;121;out1695090072164.nf;
groovy.lang.MissingPropertyException;true;122;out1695090072673.nf;
groovy.lang.MissingPropertyException;true;123;out1695090073281.nf;
groovy.lang.MissingPropertyException;true;124;out1695090073550.nf;
groovy.lang.MissingPropertyException;true;125;out1695090073723.nf;
nextflow.exception.DuplicateProcessInvocation;true;10;out1695090074162.nf;
nextflow.exception.ScriptCompilationException;true;31;out1695090074641.nf;
groovy.lang.MissingPropertyException;true;126;out1695090075030.nf;
nextflow.exception.ScriptCompilationException;true;32;out1695090076021.nf;
groovy.lang.MissingPropertyException;true;127;out1695090076283.nf;
groovy.lang.MissingPropertyException;true;128;out1695090076672.nf;
groovy.lang.MissingPropertyException;true;129;out1695090077335.nf;
groovy.lang.MissingPropertyException;true;130;out1695090078276.nf;
groovy.lang.MissingPropertyException;true;131;out1695090078750.nf;
nextflow.exception.ScriptCompilationException;true;33;out1695090079077.nf;
groovy.lang.MissingPropertyException;true;132;out1695090079450.nf;
groovy.lang.MissingPropertyException;true;133;out1695090079730.nf;
groovy.lang.MissingPropertyException;true;134;out1695090080450.nf;
groovy.lang.MissingPropertyException;true;135;out1695090080847.nf;
groovy.lang.MissingPropertyException;true;136;out1695090081372.nf;
nextflow.exception.ScriptCompilationException;true;34;out1695090081715.nf;
groovy.lang.MissingPropertyException;true;137;out1695090082252.nf;
nextflow.exception.DuplicateProcessInvocation;true;11;out1695090082714.nf;
groovy.lang.MissingPropertyException;true;138;out1695090083271.nf;
nextflow.exception.DuplicateProcessInvocation;true;12;out1695090083914.nf;
groovy.lang.MissingPropertyException;true;139;out1695090084675.nf;
groovy.lang.MissingPropertyException;true;140;out1695090084995.nf;
groovy.lang.MissingPropertyException;true;141;out1695090085635.nf;
groovy.lang.MissingPropertyException;true;142;out1695090085890.nf;
groovy.lang.MissingPropertyException;true;143;out1695090086354.nf;
groovy.lang.MissingPropertyException;true;144;out1695090086914.nf;
groovy.lang.MissingPropertyException;true;145;out1695090087288.nf;
nextflow.exception.ScriptCompilationException;true;35;out1695090087858.nf;
groovy.lang.MissingPropertyException;true;146;out1695090088042.nf;
groovy.lang.MissingPropertyException;true;147;out1695090089131.nf;
groovy.lang.MissingPropertyException;true;148;out1695090089394.nf;
groovy.lang.MissingPropertyException;true;149;out1695090089825.nf;
groovy.lang.MissingPropertyException;true;150;out1695090090240.nf;
groovy.lang.MissingPropertyException;true;151;out1695090092128.nf;
groovy.lang.MissingPropertyException;true;152;out1695090092416.nf;
groovy.lang.MissingPropertyException;true;153;out1695090092751.nf;
groovy.lang.MissingPropertyException;true;154;out1695090093212.nf;
nextflow.exception.ScriptCompilationException;true;36;out1695090093522.nf;
groovy.lang.MissingPropertyException;true;155;out1695090094032.nf;
nextflow.exception.ScriptCompilationException;true;37;out1695090094332.nf;
groovy.lang.MissingPropertyException;true;156;out1695090094367.nf;
groovy.lang.MissingPropertyException;true;157;out1695090094978.nf;
groovy.lang.MissingPropertyException;true;158;out1695090096068.nf;
groovy.lang.MissingPropertyException;true;159;out1695090096441.nf;
groovy.lang.MissingPropertyException;true;160;out1695090097060.nf;
nextflow.exception.ScriptCompilationException;true;38;out1695090097570.nf;
groovy.lang.MissingPropertyException;true;161;out1695090098015.nf;
nextflow.exception.ScriptCompilationException;true;39;out1695090098291.nf;
groovy.lang.MissingPropertyException;true;162;out1695090098634.nf;
nextflow.exception.ScriptCompilationException;true;40;out1695090099105.nf;
groovy.lang.MissingPropertyException;true;163;out1695090099397.nf;
groovy.lang.MissingPropertyException;true;164;out1695090100680.nf;
nextflow.exception.ScriptCompilationException;true;41;out1695090101167.nf;
nextflow.exception.ScriptCompilationException;true;42;out1695090102078.nf;
groovy.lang.MissingPropertyException;true;165;out1695090102630.nf;
groovy.lang.MissingPropertyException;true;166;out1695090118379.nf;
groovy.lang.MissingPropertyException;true;167;out1695090194320.nf;
nextflow.exception.ScriptCompilationException;true;43;out1695090196169.nf;
groovy.lang.MissingPropertyException;false;168;out1695090208213.nf;
groovy.lang.MissingPropertyException;true;169;out1695090230250.nf;
nextflow.exception.DuplicateProcessInvocation;true;13;out1695090236375.nf;
groovy.lang.MissingPropertyException;true;170;out1695090288677.nf;
groovy.lang.MissingPropertyException;true;171;out1695090298641.nf;
nextflow.exception.DuplicateProcessInvocation;true;14;out1695090311160.nf;
groovy.lang.MissingPropertyException;true;172;out1695090320481.nf;
nextflow.exception.DuplicateProcessInvocation;true;15;out1695090396156.nf;
nextflow.exception.DuplicateProcessInvocation;false;16;out1695090401169.nf;
groovy.lang.MissingPropertyException;false;173;out1695090406658.nf;
groovy.lang.MissingPropertyException;true;174;out1695090410569.nf;
nextflow.exception.DuplicateProcessInvocation;false;17;out1695090440780.nf;
groovy.lang.MissingPropertyException;false;175;out1695090533694.nf;
groovy.lang.MissingPropertyException;true;176;out1695090647974.nf;
groovy.lang.MissingPropertyException;false;177;out1695090666011.nf;
groovy.lang.MissingPropertyException;true;178;out1695090670586.nf;
groovy.lang.MissingPropertyException;true;179;out1695090742922.nf;
groovy.lang.MissingPropertyException;true;180;out1695090748673.nf;
nextflow.exception.DuplicateProcessInvocation;false;18;out1695090768930.nf;
groovy.lang.MissingPropertyException;false;181;out1695090873110.nf;
nextflow.exception.DuplicateProcessInvocation;false;19;out1695091002326.nf;
nextflow.exception.ScriptCompilationException;true;44;out1695091202760.nf;
nextflow.exception.ScriptCompilationException;true;45;out1695091230836.nf;
nextflow.exception.ScriptCompilationException;true;46;out1695091257168.nf;
nextflow.exception.ScriptCompilationException;true;47;out1695091344534.nf;
nextflow.exception.ScriptCompilationException;true;48;out1695091448630.nf;
nextflow.exception.ScriptCompilationException;true;49;out1695091546716.nf;
nextflow.exception.ScriptCompilationException;true;50;out1695091626535.nf;
nextflow.exception.ScriptCompilationException;true;51;out1695091695815.nf;
nextflow.exception.ScriptCompilationException;true;52;out1695091836000.nf;
nextflow.exception.ScriptCompilationException;true;53;out1695091850345.nf;
nextflow.exception.ScriptCompilationException;true;54;out1695092027598.nf;
nextflow.exception.DuplicateProcessInvocation;true;20;out1695092078621.nf;
nextflow.exception.ScriptCompilationException;true;55;out1695092274232.nf;
nextflow.exception.ScriptCompilationException;true;56;out1695092346023.nf;
nextflow.exception.DuplicateProcessInvocation;true;21;out1695092373550.nf;
nextflow.exception.ScriptCompilationException;true;57;out1695092465463.nf;
nextflow.exception.ScriptCompilationException;true;58;out1695092504352.nf;
nextflow.exception.ScriptCompilationException;true;59;out1695092655251.nf;
nextflow.exception.ScriptCompilationException;true;60;out1695092660676.nf;
nextflow.exception.DuplicateProcessInvocation;true;22;out1695092765435.nf;
groovy.lang.MissingPropertyException;true;182;out1695092961429.nf;
groovy.lang.MissingPropertyException;true;183;out1695092974947.nf;
nextflow.exception.ScriptCompilationException;true;61;out1695092991823.nf;
groovy.lang.MissingPropertyException;true;184;out1695093048609.nf;
groovy.lang.MissingPropertyException;true;185;out1695093050755.nf;
groovy.lang.MissingPropertyException;true;186;out1695093059022.nf;
groovy.lang.MissingPropertyException;true;187;out1695093064262.nf;
groovy.lang.MissingPropertyException;true;188;out1695093077666.nf;
groovy.lang.MissingPropertyException;true;189;out1695093082198.nf;
groovy.lang.MissingPropertyException;true;190;out1695093086052.nf;
groovy.lang.MissingPropertyException;true;191;out1695093130601.nf;
nextflow.exception.ScriptCompilationException;true;62;out1695093146004.nf;
nextflow.exception.ScriptCompilationException;true;63;out1695093165027.nf;
nextflow.exception.DuplicateProcessInvocation;false;23;out1695093179550.nf;
groovy.lang.MissingPropertyException;true;192;out1695093192522.nf;
groovy.lang.MissingPropertyException;false;193;out1695093389813.nf;
groovy.lang.MissingPropertyException;false;194;out1695093560637.nf;
