nextflow.exception.ScriptCompilationException;true;1;out1695414581529.nf;
groovy.lang.MissingPropertyException;true;1;out1695414586702.nf;
nextflow.exception.DuplicateProcessInvocation;true;1;out1695414587369.nf;
groovy.lang.MissingPropertyException;true;2;out1695414588405.nf;
groovy.lang.MissingPropertyException;true;3;out1695414588829.nf;
groovy.lang.MissingPropertyException;true;4;out1695414589767.nf;
nextflow.exception.ScriptCompilationException;true;2;out1695414590279.nf;
nextflow.exception.AbortRunException;true;1;out1695414591008.nf;
groovy.lang.MissingPropertyException;true;5;out1695414593806.nf;
groovy.lang.MissingPropertyException;true;6;out1695414594260.nf;
groovy.lang.MissingPropertyException;true;7;out1695414595222.nf;
nextflow.exception.ScriptCompilationException;true;3;out1695414595632.nf;
nextflow.exception.DuplicateProcessInvocation;true;2;out1695414596207.nf;
groovy.lang.MissingPropertyException;true;8;out1695414597135.nf;
groovy.lang.MissingPropertyException;true;9;out1695414597627.nf;
groovy.lang.MissingPropertyException;true;10;out1695414598048.nf;
groovy.lang.MissingPropertyException;true;11;out1695414598605.nf;
nextflow.exception.DuplicateProcessInvocation;true;3;out1695414600001.nf;
nextflow.exception.ScriptCompilationException;true;4;out1695414600636.nf;
groovy.lang.MissingPropertyException;true;12;out1695414601073.nf;
nextflow.exception.ScriptCompilationException;true;5;out1695414602521.nf;
groovy.lang.MissingPropertyException;true;13;out1695414603126.nf;
groovy.lang.MissingPropertyException;true;14;out1695414603718.nf;
groovy.lang.MissingPropertyException;true;15;out1695414604774.nf;
nextflow.exception.ScriptCompilationException;true;6;out1695414605427.nf;
groovy.lang.MissingPropertyException;true;16;out1695414605808.nf;
groovy.lang.MissingPropertyException;true;17;out1695414606156.nf;
groovy.lang.MissingPropertyException;true;18;out1695414606735.nf;
nextflow.exception.ScriptCompilationException;true;7;out1695414607172.nf;
nextflow.exception.DuplicateProcessInvocation;true;4;out1695414607618.nf;
groovy.lang.MissingPropertyException;true;19;out1695414608135.nf;
groovy.lang.MissingPropertyException;true;20;out1695414608479.nf;
groovy.lang.MissingPropertyException;true;21;out1695414608923.nf;
groovy.lang.MissingPropertyException;true;22;out1695414610552.nf;
groovy.lang.MissingPropertyException;true;23;out1695414611136.nf;
nextflow.exception.ScriptCompilationException;true;8;out1695414611942.nf;
groovy.lang.MissingPropertyException;true;24;out1695414612308.nf;
groovy.lang.MissingPropertyException;true;25;out1695414612737.nf;
groovy.lang.MissingPropertyException;true;26;out1695414613161.nf;
groovy.lang.MissingPropertyException;true;27;out1695414613621.nf;
groovy.lang.MissingPropertyException;true;28;out1695414613948.nf;
nextflow.exception.ScriptCompilationException;true;9;out1695414614300.nf;
groovy.lang.MissingPropertyException;true;29;out1695414614718.nf;
nextflow.exception.ScriptCompilationException;true;10;out1695414615275.nf;
groovy.lang.MissingPropertyException;true;30;out1695414615729.nf;
groovy.lang.MissingPropertyException;true;31;out1695414616434.nf;
nextflow.exception.ScriptCompilationException;true;11;out1695414617212.nf;
groovy.lang.MissingPropertyException;true;32;out1695414617716.nf;
groovy.lang.MissingPropertyException;true;33;out1695414618166.nf;
groovy.lang.MissingPropertyException;true;34;out1695414618536.nf;
groovy.lang.MissingPropertyException;true;35;out1695414618883.nf;
nextflow.exception.ScriptCompilationException;true;12;out1695414619216.nf;
groovy.lang.MissingPropertyException;true;36;out1695414619558.nf;
nextflow.exception.ScriptCompilationException;true;13;out1695414619978.nf;
groovy.lang.MissingPropertyException;true;37;out1695414620348.nf;
groovy.lang.MissingPropertyException;true;38;out1695414620732.nf;
groovy.lang.MissingPropertyException;true;39;out1695414621115.nf;
groovy.lang.MissingPropertyException;true;40;out1695414621525.nf;
groovy.lang.MissingPropertyException;true;41;out1695414622017.nf;
nextflow.exception.ScriptCompilationException;true;14;out1695414622406.nf;
groovy.lang.MissingPropertyException;true;42;out1695414622816.nf;
groovy.lang.MissingPropertyException;true;43;out1695414623460.nf;
nextflow.exception.ScriptCompilationException;true;15;out1695414623882.nf;
groovy.lang.MissingPropertyException;true;44;out1695414624263.nf;
nextflow.exception.ScriptCompilationException;true;16;out1695414624610.nf;
groovy.lang.MissingPropertyException;true;45;out1695414625154.nf;
groovy.lang.MissingPropertyException;true;46;out1695414625751.nf;
groovy.lang.MissingPropertyException;true;47;out1695414626374.nf;
groovy.lang.MissingPropertyException;true;48;out1695414626869.nf;
nextflow.exception.ScriptCompilationException;true;17;out1695414627239.nf;
nextflow.exception.ScriptCompilationException;true;18;out1695414627724.nf;
groovy.lang.MissingPropertyException;true;49;out1695414628207.nf;
groovy.lang.MissingPropertyException;true;50;out1695414628553.nf;
groovy.lang.MissingPropertyException;true;51;out1695414629151.nf;
groovy.lang.MissingPropertyException;true;52;out1695414629581.nf;
groovy.lang.MissingPropertyException;true;53;out1695414629995.nf;
groovy.lang.MissingPropertyException;true;54;out1695414630487.nf;
groovy.lang.MissingPropertyException;true;55;out1695414630841.nf;
groovy.lang.MissingPropertyException;true;56;out1695414631191.nf;
groovy.lang.MissingPropertyException;true;57;out1695414631573.nf;
groovy.lang.MissingPropertyException;true;58;out1695414632010.nf;
groovy.lang.MissingPropertyException;true;59;out1695414633011.nf;
groovy.lang.MissingPropertyException;true;60;out1695414633505.nf;
groovy.lang.MissingPropertyException;true;61;out1695414633880.nf;
groovy.lang.MissingPropertyException;true;62;out1695414634242.nf;
groovy.lang.MissingPropertyException;true;63;out1695414634713.nf;
groovy.lang.MissingPropertyException;true;64;out1695414635102.nf;
groovy.lang.MissingPropertyException;true;65;out1695414635490.nf;
groovy.lang.MissingPropertyException;true;66;out1695414635869.nf;
groovy.lang.MissingPropertyException;true;67;out1695414636257.nf;
groovy.lang.MissingPropertyException;true;68;out1695414636621.nf;
nextflow.exception.ScriptCompilationException;true;19;out1695414637247.nf;
groovy.lang.MissingPropertyException;true;69;out1695414637863.nf;
groovy.lang.MissingPropertyException;true;70;out1695414638534.nf;
groovy.lang.MissingPropertyException;true;71;out1695414639125.nf;
nextflow.exception.ScriptCompilationException;true;20;out1695414639506.nf;
groovy.lang.MissingPropertyException;true;72;out1695414640042.nf;
groovy.lang.MissingPropertyException;true;73;out1695414640455.nf;
nextflow.exception.ScriptCompilationException;true;21;out1695414640959.nf;
groovy.lang.MissingPropertyException;true;74;out1695414641748.nf;
groovy.lang.MissingPropertyException;true;75;out1695414642828.nf;
groovy.lang.MissingPropertyException;true;76;out1695414643400.nf;
groovy.lang.MissingPropertyException;true;77;out1695414643911.nf;
groovy.lang.MissingPropertyException;true;78;out1695414644624.nf;
nextflow.exception.ScriptCompilationException;true;22;out1695414645040.nf;
groovy.lang.MissingPropertyException;true;79;out1695414645484.nf;
nextflow.exception.ScriptCompilationException;true;23;out1695414646333.nf;
groovy.lang.MissingPropertyException;true;80;out1695414646789.nf;
nextflow.exception.ScriptCompilationException;true;24;out1695414647244.nf;
groovy.lang.MissingPropertyException;true;81;out1695414647659.nf;
nextflow.exception.DuplicateProcessInvocation;true;5;out1695414648350.nf;
groovy.lang.MissingPropertyException;true;82;out1695414648738.nf;
groovy.lang.MissingPropertyException;true;83;out1695414649262.nf;
groovy.lang.MissingPropertyException;true;84;out1695414649785.nf;
nextflow.exception.DuplicateProcessInvocation;true;6;out1695414650353.nf;
groovy.lang.MissingPropertyException;true;85;out1695414650964.nf;
nextflow.exception.ScriptCompilationException;true;25;out1695414651551.nf;
nextflow.exception.ScriptCompilationException;true;26;out1695414652346.nf;
groovy.lang.MissingPropertyException;true;86;out1695414652860.nf;
groovy.lang.MissingPropertyException;true;87;out1695414653683.nf;
groovy.lang.MissingPropertyException;true;88;out1695414654102.nf;
groovy.lang.MissingPropertyException;true;89;out1695414654476.nf;
groovy.lang.MissingPropertyException;true;90;out1695414655163.nf;
groovy.lang.MissingPropertyException;true;91;out1695414655821.nf;
nextflow.exception.ScriptCompilationException;true;27;out1695414656548.nf;
nextflow.exception.DuplicateProcessInvocation;true;7;out1695414656948.nf;
groovy.lang.MissingPropertyException;true;92;out1695414657744.nf;
groovy.lang.MissingPropertyException;true;93;out1695414658118.nf;
nextflow.exception.ScriptCompilationException;true;28;out1695414658490.nf;
groovy.lang.MissingPropertyException;true;94;out1695414658922.nf;
groovy.lang.MissingPropertyException;true;95;out1695414659581.nf;
groovy.lang.MissingPropertyException;true;96;out1695414660276.nf;
nextflow.exception.ScriptCompilationException;true;29;out1695414660769.nf;
groovy.lang.MissingPropertyException;true;97;out1695414661251.nf;
nextflow.exception.ScriptCompilationException;true;30;out1695414661890.nf;
groovy.lang.MissingPropertyException;true;98;out1695414662287.nf;
groovy.lang.MissingPropertyException;true;99;out1695414663192.nf;
groovy.lang.MissingPropertyException;true;100;out1695414663579.nf;
groovy.lang.MissingPropertyException;true;101;out1695414664195.nf;
groovy.lang.MissingPropertyException;true;102;out1695414664594.nf;
groovy.lang.MissingPropertyException;true;103;out1695414665338.nf;
groovy.lang.MissingPropertyException;true;104;out1695414665965.nf;
groovy.lang.MissingPropertyException;true;105;out1695414666563.nf;
groovy.lang.MissingPropertyException;true;106;out1695414667315.nf;
groovy.lang.MissingPropertyException;true;107;out1695414667802.nf;
groovy.lang.MissingPropertyException;true;108;out1695414668470.nf;
groovy.lang.MissingPropertyException;true;109;out1695414669057.nf;
groovy.lang.MissingPropertyException;true;110;out1695414669919.nf;
nextflow.exception.ScriptCompilationException;true;31;out1695414670542.nf;
groovy.lang.MissingPropertyException;true;111;out1695414670925.nf;
groovy.lang.MissingPropertyException;true;112;out1695414671342.nf;
groovy.lang.MissingPropertyException;true;113;out1695414671849.nf;
groovy.lang.MissingPropertyException;true;114;out1695414672589.nf;
groovy.lang.MissingPropertyException;true;115;out1695414673022.nf;
groovy.lang.MissingPropertyException;true;116;out1695414673682.nf;
groovy.lang.MissingPropertyException;true;117;out1695414675161.nf;
groovy.lang.MissingPropertyException;true;118;out1695414675679.nf;
groovy.lang.MissingPropertyException;true;119;out1695414676107.nf;
groovy.lang.MissingPropertyException;true;120;out1695414676601.nf;
nextflow.exception.DuplicateProcessInvocation;true;8;out1695414677120.nf;
groovy.lang.MissingPropertyException;true;121;out1695414677559.nf;
groovy.lang.MissingPropertyException;true;122;out1695414678077.nf;
groovy.lang.MissingPropertyException;true;123;out1695414679075.nf;
nextflow.exception.ScriptCompilationException;true;32;out1695414679756.nf;
groovy.lang.MissingPropertyException;true;124;out1695414680648.nf;
groovy.lang.MissingPropertyException;true;125;out1695414681349.nf;
groovy.lang.MissingPropertyException;true;126;out1695414682063.nf;
groovy.lang.MissingPropertyException;true;127;out1695414682839.nf;
groovy.lang.MissingPropertyException;true;128;out1695414683390.nf;
nextflow.exception.DuplicateProcessInvocation;true;9;out1695414683792.nf;
groovy.lang.MissingPropertyException;true;129;out1695414684393.nf;
groovy.lang.MissingPropertyException;true;130;out1695414684840.nf;
groovy.lang.MissingPropertyException;true;131;out1695414685731.nf;
nextflow.exception.ScriptCompilationException;true;33;out1695414686579.nf;
groovy.lang.MissingPropertyException;true;132;out1695414686976.nf;
groovy.lang.MissingPropertyException;true;133;out1695414687733.nf;
groovy.lang.MissingPropertyException;true;134;out1695414688421.nf;
nextflow.exception.ScriptCompilationException;true;34;out1695414689251.nf;
groovy.lang.MissingPropertyException;true;135;out1695414689704.nf;
nextflow.exception.ScriptCompilationException;true;35;out1695414690132.nf;
groovy.lang.MissingPropertyException;true;136;out1695414690636.nf;
groovy.lang.MissingPropertyException;true;137;out1695414691301.nf;
groovy.lang.MissingPropertyException;true;138;out1695414692014.nf;
groovy.lang.MissingPropertyException;true;139;out1695414692511.nf;
groovy.lang.MissingPropertyException;true;140;out1695414693161.nf;
groovy.lang.MissingPropertyException;true;141;out1695414694176.nf;
nextflow.exception.ScriptCompilationException;true;36;out1695414694598.nf;
groovy.lang.MissingPropertyException;true;142;out1695414695505.nf;
groovy.lang.MissingPropertyException;true;143;out1695414696099.nf;
groovy.lang.MissingPropertyException;true;144;out1695414696616.nf;
nextflow.exception.ScriptCompilationException;true;37;out1695414697272.nf;
groovy.lang.MissingPropertyException;true;145;out1695414697742.nf;
groovy.lang.MissingPropertyException;true;146;out1695414698430.nf;
groovy.lang.MissingPropertyException;true;147;out1695414698857.nf;
groovy.lang.MissingPropertyException;true;148;out1695414700070.nf;
nextflow.exception.ScriptCompilationException;true;38;out1695414700620.nf;
groovy.lang.MissingPropertyException;true;149;out1695414701102.nf;
groovy.lang.MissingPropertyException;true;150;out1695414701846.nf;
groovy.lang.MissingPropertyException;true;151;out1695414702320.nf;
groovy.lang.MissingPropertyException;true;152;out1695414702777.nf;
groovy.lang.MissingPropertyException;true;153;out1695414703405.nf;
groovy.lang.MissingPropertyException;true;154;out1695414703874.nf;
groovy.lang.MissingPropertyException;true;155;out1695414704390.nf;
groovy.lang.MissingPropertyException;true;156;out1695414704930.nf;
groovy.lang.MissingPropertyException;true;157;out1695414705873.nf;
groovy.lang.MissingPropertyException;true;158;out1695414706745.nf;
nextflow.exception.DuplicateProcessInvocation;true;10;out1695414708002.nf;
groovy.lang.MissingPropertyException;true;159;out1695414709265.nf;
groovy.lang.MissingPropertyException;true;160;out1695414710109.nf;
groovy.lang.MissingPropertyException;true;161;out1695414710845.nf;
nextflow.exception.DuplicateProcessInvocation;true;11;out1695414711456.nf;
groovy.lang.MissingPropertyException;true;162;out1695414712442.nf;
groovy.lang.MissingPropertyException;true;163;out1695414712901.nf;
groovy.lang.MissingPropertyException;true;164;out1695414713493.nf;
groovy.lang.MissingPropertyException;true;165;out1695414714037.nf;
nextflow.exception.ScriptCompilationException;true;39;out1695414714780.nf;
groovy.lang.MissingPropertyException;true;166;out1695414715748.nf;
nextflow.exception.ScriptCompilationException;true;40;out1695414716409.nf;
groovy.lang.MissingPropertyException;true;167;out1695414716995.nf;
groovy.lang.MissingPropertyException;true;168;out1695414717506.nf;
groovy.lang.MissingPropertyException;true;169;out1695414718026.nf;
groovy.lang.MissingPropertyException;true;170;out1695414718524.nf;
nextflow.exception.DuplicateProcessInvocation;true;12;out1695414720584.nf;
groovy.lang.MissingPropertyException;true;171;out1695414721170.nf;
nextflow.exception.ScriptCompilationException;true;41;out1695414721724.nf;
groovy.lang.MissingPropertyException;true;172;out1695414723062.nf;
groovy.lang.MissingPropertyException;true;173;out1695414723616.nf;
groovy.lang.MissingPropertyException;true;174;out1695414725025.nf;
groovy.lang.MissingPropertyException;true;175;out1695414725684.nf;
groovy.lang.MissingPropertyException;true;176;out1695414726557.nf;
groovy.lang.MissingPropertyException;true;177;out1695414727142.nf;
nextflow.exception.DuplicateProcessInvocation;true;13;out1695414729341.nf;
groovy.lang.MissingPropertyException;true;178;out1695414730294.nf;
groovy.lang.MissingPropertyException;true;179;out1695414730795.nf;
groovy.lang.MissingPropertyException;true;180;out1695414732372.nf;
groovy.lang.MissingPropertyException;true;181;out1695414733050.nf;
nextflow.exception.ScriptCompilationException;true;42;out1695414733584.nf;
nextflow.exception.ScriptCompilationException;true;43;out1695414734856.nf;
groovy.lang.MissingPropertyException;true;182;out1695414736080.nf;
groovy.lang.MissingPropertyException;true;183;out1695414736826.nf;
groovy.lang.MissingPropertyException;true;184;out1695414737324.nf;
groovy.lang.MissingPropertyException;true;185;out1695414739231.nf;
nextflow.exception.DuplicateProcessInvocation;true;14;out1695414739757.nf;
nextflow.exception.ScriptCompilationException;true;44;out1695414740512.nf;
nextflow.exception.ScriptCompilationException;true;45;out1695414741013.nf;
groovy.lang.MissingPropertyException;true;186;out1695414741566.nf;
groovy.lang.MissingPropertyException;true;187;out1695414742442.nf;
groovy.lang.MissingPropertyException;true;188;out1695414743770.nf;
groovy.lang.MissingPropertyException;true;189;out1695414744724.nf;
groovy.lang.MissingPropertyException;true;190;out1695414745231.nf;
groovy.lang.MissingPropertyException;true;191;out1695414746881.nf;
groovy.lang.MissingPropertyException;true;192;out1695414747678.nf;
groovy.lang.MissingPropertyException;true;193;out1695414748403.nf;
groovy.lang.MissingPropertyException;true;194;out1695414749097.nf;
groovy.lang.MissingPropertyException;true;195;out1695414749789.nf;
groovy.lang.MissingPropertyException;true;196;out1695414750322.nf;
groovy.lang.MissingPropertyException;true;197;out1695414751938.nf;
groovy.lang.MissingPropertyException;true;198;out1695414752458.nf;
groovy.lang.MissingPropertyException;true;199;out1695414753263.nf;
groovy.lang.MissingPropertyException;true;200;out1695414754015.nf;
nextflow.exception.ScriptCompilationException;true;46;out1695414754805.nf;
groovy.lang.MissingPropertyException;true;201;out1695414755462.nf;
groovy.lang.MissingPropertyException;true;202;out1695414756452.nf;
groovy.lang.MissingPropertyException;true;203;out1695414757492.nf;
groovy.lang.MissingPropertyException;true;204;out1695414758356.nf;
groovy.lang.MissingPropertyException;true;205;out1695414759072.nf;
groovy.lang.MissingPropertyException;true;206;out1695414759818.nf;
groovy.lang.MissingPropertyException;true;207;out1695414761028.nf;
groovy.lang.MissingPropertyException;true;208;out1695414762034.nf;
groovy.lang.MissingPropertyException;true;209;out1695414763703.nf;
groovy.lang.MissingPropertyException;true;210;out1695414764716.nf;
groovy.lang.MissingPropertyException;true;211;out1695414766397.nf;
groovy.lang.MissingPropertyException;true;212;out1695414767513.nf;
groovy.lang.MissingPropertyException;true;213;out1695414768162.nf;
groovy.lang.MissingPropertyException;true;214;out1695414768700.nf;
groovy.lang.MissingPropertyException;true;215;out1695414769727.nf;
groovy.lang.MissingPropertyException;true;216;out1695414770667.nf;
groovy.lang.MissingPropertyException;true;217;out1695414771452.nf;
nextflow.exception.DuplicateProcessInvocation;true;15;out1695414772351.nf;
groovy.lang.MissingPropertyException;true;218;out1695414772940.nf;
groovy.lang.MissingPropertyException;true;219;out1695414773702.nf;
groovy.lang.MissingPropertyException;true;220;out1695414774377.nf;
groovy.lang.MissingPropertyException;true;221;out1695414775857.nf;
groovy.lang.MissingPropertyException;true;222;out1695414777506.nf;
groovy.lang.MissingPropertyException;true;223;out1695414778235.nf;
groovy.lang.MissingPropertyException;true;224;out1695414778951.nf;
nextflow.exception.ScriptCompilationException;true;47;out1695414780108.nf;
groovy.lang.MissingPropertyException;true;225;out1695414780761.nf;
groovy.lang.MissingPropertyException;true;226;out1695414781515.nf;
groovy.lang.MissingPropertyException;true;227;out1695414782654.nf;
groovy.lang.MissingPropertyException;true;228;out1695414783642.nf;
nextflow.exception.ScriptCompilationException;true;48;out1695414784390.nf;
groovy.lang.MissingPropertyException;true;229;out1695414785476.nf;
groovy.lang.MissingPropertyException;true;230;out1695414786658.nf;
nextflow.exception.ScriptCompilationException;true;49;out1695414789148.nf;
nextflow.exception.DuplicateProcessInvocation;true;16;out1695414789891.nf;
groovy.lang.MissingPropertyException;true;231;out1695414790842.nf;
groovy.lang.MissingPropertyException;true;232;out1695414791539.nf;
groovy.lang.MissingPropertyException;true;233;out1695414792565.nf;
groovy.lang.MissingPropertyException;true;234;out1695414793663.nf;
groovy.lang.MissingPropertyException;true;235;out1695414795259.nf;
groovy.lang.MissingPropertyException;true;236;out1695414796148.nf;
groovy.lang.MissingPropertyException;true;237;out1695414797322.nf;
nextflow.exception.ScriptCompilationException;true;50;out1695414798368.nf;
groovy.lang.MissingPropertyException;true;238;out1695414800007.nf;
nextflow.exception.ScriptCompilationException;true;51;out1695414800773.nf;
groovy.lang.MissingPropertyException;true;239;out1695414801553.nf;
groovy.lang.MissingPropertyException;true;240;out1695414802251.nf;
groovy.lang.MissingPropertyException;true;241;out1695414803081.nf;
groovy.lang.MissingPropertyException;true;242;out1695414804225.nf;
groovy.lang.MissingPropertyException;true;243;out1695414804827.nf;
groovy.lang.MissingPropertyException;true;244;out1695414806108.nf;
groovy.lang.MissingPropertyException;true;245;out1695414807140.nf;
groovy.lang.MissingPropertyException;true;246;out1695414808065.nf;
groovy.lang.MissingPropertyException;true;247;out1695414810218.nf;
groovy.lang.MissingPropertyException;true;248;out1695414811674.nf;
groovy.lang.MissingPropertyException;true;249;out1695414813113.nf;
groovy.lang.MissingPropertyException;true;250;out1695414814230.nf;
nextflow.exception.ScriptCompilationException;true;52;out1695414814930.nf;
groovy.lang.MissingPropertyException;true;251;out1695414815987.nf;
groovy.lang.MissingPropertyException;true;252;out1695414816902.nf;
groovy.lang.MissingPropertyException;true;253;out1695414817726.nf;
groovy.lang.MissingPropertyException;true;254;out1695414818464.nf;
groovy.lang.MissingPropertyException;true;255;out1695414819215.nf;
groovy.lang.MissingPropertyException;true;256;out1695414820189.nf;
groovy.lang.MissingPropertyException;true;257;out1695414822657.nf;
groovy.lang.MissingPropertyException;true;258;out1695414823497.nf;
groovy.lang.MissingPropertyException;true;259;out1695414824401.nf;
groovy.lang.MissingPropertyException;true;260;out1695414825225.nf;
groovy.lang.MissingPropertyException;true;261;out1695414825959.nf;
groovy.lang.MissingPropertyException;true;262;out1695414826912.nf;
groovy.lang.MissingPropertyException;true;263;out1695414828089.nf;
groovy.lang.MissingPropertyException;true;264;out1695414828773.nf;
groovy.lang.MissingPropertyException;true;265;out1695414829404.nf;
nextflow.exception.DuplicateProcessInvocation;true;17;out1695414831901.nf;
nextflow.exception.DuplicateProcessInvocation;true;18;out1695414833374.nf;
nextflow.exception.ScriptCompilationException;true;53;out1695414834781.nf;
nextflow.exception.ScriptCompilationException;true;54;out1695414835611.nf;
nextflow.exception.DuplicateProcessInvocation;true;19;out1695414836241.nf;
groovy.lang.MissingPropertyException;true;266;out1695414836999.nf;
groovy.lang.MissingPropertyException;true;267;out1695414838253.nf;
groovy.lang.MissingPropertyException;true;268;out1695414839284.nf;
nextflow.exception.ScriptCompilationException;true;55;out1695414839973.nf;
groovy.lang.MissingPropertyException;true;269;out1695414840701.nf;
groovy.lang.MissingPropertyException;true;270;out1695414841520.nf;
nextflow.exception.ScriptCompilationException;true;56;out1695414842462.nf;
groovy.lang.MissingPropertyException;true;271;out1695414843155.nf;
nextflow.exception.ScriptCompilationException;true;57;out1695414844021.nf;
nextflow.exception.DuplicateProcessInvocation;true;20;out1695414844721.nf;
groovy.lang.MissingPropertyException;true;272;out1695414845546.nf;
nextflow.exception.ScriptCompilationException;true;58;out1695414846746.nf;
groovy.lang.MissingPropertyException;true;273;out1695414847493.nf;
nextflow.exception.ScriptCompilationException;true;59;out1695414848312.nf;
groovy.lang.MissingPropertyException;true;274;out1695414849341.nf;
groovy.lang.MissingPropertyException;true;275;out1695414851743.nf;
nextflow.exception.ScriptCompilationException;true;60;out1695414852812.nf;
groovy.lang.MissingPropertyException;true;276;out1695414853542.nf;
nextflow.exception.ScriptCompilationException;true;61;out1695414854583.nf;
groovy.lang.MissingPropertyException;true;277;out1695414855302.nf;
groovy.lang.MissingPropertyException;true;278;out1695414857179.nf;
groovy.lang.MissingPropertyException;true;279;out1695414858317.nf;
groovy.lang.MissingPropertyException;true;280;out1695414859233.nf;
groovy.lang.MissingPropertyException;true;281;out1695414860064.nf;
nextflow.exception.ScriptCompilationException;true;62;out1695414860794.nf;
groovy.lang.MissingPropertyException;true;282;out1695414862110.nf;
groovy.lang.MissingPropertyException;true;283;out1695414863232.nf;
groovy.lang.MissingPropertyException;true;284;out1695414864995.nf;
groovy.lang.MissingPropertyException;true;285;out1695414865739.nf;
nextflow.exception.ScriptCompilationException;true;63;out1695414866888.nf;
groovy.lang.MissingPropertyException;true;286;out1695414867812.nf;
nextflow.exception.ScriptCompilationException;true;64;out1695414868703.nf;
groovy.lang.MissingPropertyException;true;287;out1695414869620.nf;
groovy.lang.MissingPropertyException;true;288;out1695414870825.nf;
groovy.lang.MissingPropertyException;true;289;out1695414871749.nf;
nextflow.exception.ScriptCompilationException;true;65;out1695414872509.nf;
nextflow.exception.ScriptCompilationException;true;66;out1695414873820.nf;
groovy.lang.MissingPropertyException;true;290;out1695414876159.nf;
groovy.lang.MissingPropertyException;true;291;out1695414876949.nf;
groovy.lang.MissingPropertyException;true;292;out1695414879252.nf;
groovy.lang.MissingPropertyException;true;293;out1695414881443.nf;
groovy.lang.MissingPropertyException;true;294;out1695414882186.nf;
groovy.lang.MissingPropertyException;true;295;out1695414883080.nf;
nextflow.exception.ScriptCompilationException;true;67;out1695414883884.nf;
nextflow.exception.ScriptCompilationException;true;68;out1695414885730.nf;
groovy.lang.MissingPropertyException;true;296;out1695414887469.nf;
groovy.lang.MissingPropertyException;true;297;out1695414888458.nf;
groovy.lang.MissingPropertyException;true;298;out1695414889603.nf;
nextflow.exception.ScriptCompilationException;true;69;out1695414891126.nf;
groovy.lang.MissingPropertyException;true;299;out1695414892029.nf;
nextflow.exception.ScriptCompilationException;true;70;out1695414893027.nf;
nextflow.exception.ScriptCompilationException;true;71;out1695414893830.nf;
nextflow.exception.ScriptCompilationException;true;72;out1695414895456.nf;
groovy.lang.MissingPropertyException;true;300;out1695414896733.nf;
groovy.lang.MissingPropertyException;true;301;out1695414897676.nf;
groovy.lang.MissingPropertyException;true;302;out1695414898988.nf;
groovy.lang.MissingPropertyException;true;303;out1695414900123.nf;
nextflow.exception.ScriptCompilationException;true;73;out1695414901517.nf;
groovy.lang.MissingPropertyException;true;304;out1695414904136.nf;
nextflow.exception.DuplicateProcessInvocation;true;21;out1695414905552.nf;
groovy.lang.MissingPropertyException;true;305;out1695414908340.nf;
groovy.lang.MissingPropertyException;true;306;out1695414910258.nf;
groovy.lang.MissingPropertyException;true;307;out1695414912255.nf;
nextflow.exception.ScriptCompilationException;true;74;out1695414913279.nf;
nextflow.exception.ScriptCompilationException;true;75;out1695414914308.nf;
nextflow.exception.ScriptCompilationException;true;76;out1695414915519.nf;
nextflow.exception.ScriptCompilationException;true;77;out1695414916543.nf;
nextflow.exception.ScriptCompilationException;true;78;out1695414917486.nf;
groovy.lang.MissingPropertyException;true;308;out1695414918354.nf;
nextflow.exception.ScriptCompilationException;true;79;out1695414919430.nf;
groovy.lang.MissingPropertyException;true;309;out1695414920735.nf;
groovy.lang.MissingPropertyException;true;310;out1695414921664.nf;
groovy.lang.MissingPropertyException;true;311;out1695414923060.nf;
groovy.lang.MissingPropertyException;true;312;out1695414924506.nf;
nextflow.exception.ScriptCompilationException;true;80;out1695414925845.nf;
nextflow.exception.ScriptCompilationException;true;81;out1695414926721.nf;
groovy.lang.MissingPropertyException;true;313;out1695414927629.nf;
groovy.lang.MissingPropertyException;true;314;out1695414929334.nf;
groovy.lang.MissingPropertyException;true;315;out1695414930245.nf;
groovy.lang.MissingPropertyException;true;316;out1695414931684.nf;
nextflow.exception.ScriptCompilationException;true;82;out1695414932645.nf;
groovy.lang.MissingPropertyException;true;317;out1695414934253.nf;
groovy.lang.MissingPropertyException;true;318;out1695414935327.nf;
groovy.lang.MissingPropertyException;true;319;out1695414936434.nf;
nextflow.exception.ScriptCompilationException;true;83;out1695414937403.nf;
nextflow.exception.ScriptCompilationException;true;84;out1695414938254.nf;
groovy.lang.MissingPropertyException;true;320;out1695414939121.nf;
groovy.lang.MissingPropertyException;true;321;out1695414941411.nf;
groovy.lang.MissingPropertyException;true;322;out1695414943818.nf;
nextflow.exception.ScriptCompilationException;true;85;out1695414945198.nf;
nextflow.exception.ScriptCompilationException;true;86;out1695414947551.nf;
nextflow.exception.ScriptCompilationException;true;87;out1695414949805.nf;
groovy.lang.MissingPropertyException;true;323;out1695414952162.nf;
groovy.lang.MissingPropertyException;true;324;out1695414959205.nf;
groovy.lang.MissingPropertyException;true;325;out1695414961244.nf;
groovy.lang.MissingPropertyException;true;326;out1695414963418.nf;
groovy.lang.MissingPropertyException;true;327;out1695414968236.nf;
groovy.lang.MissingPropertyException;true;328;out1695414970536.nf;
groovy.lang.MissingPropertyException;true;329;out1695414975256.nf;
groovy.lang.MissingPropertyException;true;330;out1695414977537.nf;
nextflow.exception.ScriptCompilationException;true;88;out1695414980325.nf;
groovy.lang.MissingPropertyException;true;331;out1695414982147.nf;
groovy.lang.MissingPropertyException;true;332;out1695414985817.nf;
nextflow.exception.ScriptCompilationException;true;89;out1695414989034.nf;
groovy.lang.MissingPropertyException;true;333;out1695414990600.nf;
nextflow.exception.DuplicateProcessInvocation;true;22;out1695414992631.nf;
nextflow.exception.ScriptCompilationException;true;90;out1695414994235.nf;
groovy.lang.MissingPropertyException;true;334;out1695414996215.nf;
groovy.lang.MissingPropertyException;true;335;out1695414998253.nf;
nextflow.exception.ScriptCompilationException;true;91;out1695414999909.nf;
groovy.lang.MissingPropertyException;true;336;out1695415001967.nf;
groovy.lang.MissingPropertyException;true;337;out1695415003082.nf;
groovy.lang.MissingPropertyException;true;338;out1695415004045.nf;
groovy.lang.MissingPropertyException;true;339;out1695415006661.nf;
nextflow.exception.ScriptCompilationException;true;92;out1695415007809.nf;
nextflow.exception.ScriptCompilationException;true;93;out1695415009050.nf;
nextflow.exception.ScriptCompilationException;true;94;out1695415010363.nf;
groovy.lang.MissingPropertyException;true;340;out1695415011668.nf;
nextflow.exception.ScriptCompilationException;true;95;out1695415012920.nf;
groovy.lang.MissingPropertyException;true;341;out1695415014059.nf;
groovy.lang.MissingPropertyException;true;342;out1695415015524.nf;
groovy.lang.MissingPropertyException;true;343;out1695415016566.nf;
groovy.lang.MissingPropertyException;true;344;out1695415017801.nf;
nextflow.exception.ScriptCompilationException;true;96;out1695415018834.nf;
nextflow.exception.ScriptCompilationException;true;97;out1695415019893.nf;
nextflow.exception.ScriptCompilationException;true;98;out1695415021337.nf;
nextflow.exception.ScriptCompilationException;true;99;out1695415022584.nf;
nextflow.exception.ScriptCompilationException;true;100;out1695415023684.nf;
nextflow.exception.ScriptCompilationException;true;101;out1695415024856.nf;
nextflow.exception.ScriptCompilationException;true;102;out1695415026335.nf;
groovy.lang.MissingPropertyException;true;345;out1695415028293.nf;
nextflow.exception.DuplicateProcessInvocation;true;23;out1695415030779.nf;
nextflow.exception.ScriptCompilationException;true;103;out1695415031806.nf;
nextflow.exception.ScriptCompilationException;true;104;out1695415032807.nf;
groovy.lang.MissingPropertyException;true;346;out1695415035429.nf;
groovy.lang.MissingPropertyException;true;347;out1695415036580.nf;
groovy.lang.MissingPropertyException;true;348;out1695415038841.nf;
groovy.lang.MissingPropertyException;true;349;out1695415040227.nf;
groovy.lang.MissingPropertyException;true;350;out1695415041950.nf;
nextflow.exception.ScriptCompilationException;true;105;out1695415043762.nf;
groovy.lang.MissingPropertyException;true;351;out1695415046193.nf;
groovy.lang.MissingPropertyException;true;352;out1695415047272.nf;
groovy.lang.MissingPropertyException;true;353;out1695415049195.nf;
nextflow.exception.DuplicateProcessInvocation;true;24;out1695415050301.nf;
nextflow.exception.ScriptCompilationException;true;106;out1695415051375.nf;
nextflow.exception.DuplicateProcessInvocation;true;25;out1695415053839.nf;
groovy.lang.MissingPropertyException;true;354;out1695415055155.nf;
groovy.lang.MissingPropertyException;true;355;out1695415056275.nf;
nextflow.exception.ScriptCompilationException;true;107;out1695415057715.nf;
nextflow.exception.DuplicateProcessInvocation;true;26;out1695415058991.nf;
groovy.lang.MissingPropertyException;true;356;out1695415060163.nf;
nextflow.exception.DuplicateProcessInvocation;true;27;out1695415061791.nf;
groovy.lang.MissingPropertyException;true;357;out1695415062979.nf;
nextflow.exception.DuplicateProcessInvocation;true;28;out1695415065626.nf;
groovy.lang.MissingPropertyException;true;358;out1695415066969.nf;
nextflow.exception.ScriptCompilationException;true;108;out1695415068298.nf;
nextflow.exception.ScriptCompilationException;true;109;out1695415069313.nf;
groovy.lang.MissingPropertyException;true;359;out1695415070428.nf;
nextflow.exception.ScriptCompilationException;true;110;out1695415071645.nf;
nextflow.exception.ScriptCompilationException;true;111;out1695415073478.nf;
nextflow.exception.DuplicateProcessInvocation;true;29;out1695415074915.nf;
groovy.lang.MissingPropertyException;true;360;out1695415076590.nf;
nextflow.exception.ScriptCompilationException;true;112;out1695415078327.nf;
nextflow.exception.ScriptCompilationException;true;113;out1695415079530.nf;
groovy.lang.MissingPropertyException;true;361;out1695415081007.nf;
groovy.lang.MissingPropertyException;true;362;out1695415082649.nf;
groovy.lang.MissingPropertyException;true;363;out1695415084591.nf;
groovy.lang.MissingPropertyException;true;364;out1695415086102.nf;
nextflow.exception.ScriptCompilationException;true;114;out1695415088667.nf;
groovy.lang.MissingPropertyException;true;365;out1695415091634.nf;
groovy.lang.MissingPropertyException;true;366;out1695415095327.nf;
nextflow.exception.DuplicateProcessInvocation;true;30;out1695415101744.nf;
nextflow.exception.ScriptCompilationException;true;115;out1695415104781.nf;
groovy.lang.MissingPropertyException;true;367;out1695415106175.nf;
nextflow.exception.ScriptCompilationException;true;116;out1695415107564.nf;
groovy.lang.MissingPropertyException;true;368;out1695415110396.nf;
groovy.lang.MissingPropertyException;true;369;out1695415111557.nf;
nextflow.exception.ScriptCompilationException;true;117;out1695415112904.nf;
groovy.lang.MissingPropertyException;true;370;out1695415114155.nf;
nextflow.exception.ScriptCompilationException;true;118;out1695415115741.nf;
groovy.lang.MissingPropertyException;true;371;out1695415117538.nf;
nextflow.exception.ScriptCompilationException;true;119;out1695415119374.nf;
groovy.lang.MissingPropertyException;true;372;out1695415120889.nf;
groovy.lang.MissingPropertyException;true;373;out1695415123349.nf;
groovy.lang.MissingPropertyException;true;374;out1695415124658.nf;
nextflow.exception.ScriptCompilationException;true;120;out1695415125865.nf;
groovy.lang.MissingPropertyException;true;375;out1695415128030.nf;
nextflow.exception.ScriptCompilationException;true;121;out1695415131172.nf;
groovy.lang.MissingPropertyException;true;376;out1695415136309.nf;
groovy.lang.MissingPropertyException;true;377;out1695415139571.nf;
groovy.lang.MissingPropertyException;true;378;out1695415143969.nf;
groovy.lang.MissingPropertyException;true;379;out1695415146238.nf;
nextflow.exception.ScriptCompilationException;true;122;out1695415148178.nf;
nextflow.exception.DuplicateProcessInvocation;true;31;out1695415149991.nf;
groovy.lang.MissingPropertyException;true;380;out1695415151218.nf;
groovy.lang.MissingPropertyException;true;381;out1695415152773.nf;
groovy.lang.MissingPropertyException;true;382;out1695415154174.nf;
groovy.lang.MissingPropertyException;true;383;out1695415155829.nf;
groovy.lang.MissingPropertyException;true;384;out1695415157363.nf;
groovy.lang.MissingPropertyException;true;385;out1695415159690.nf;
groovy.lang.MissingPropertyException;true;386;out1695415161330.nf;
nextflow.exception.ScriptCompilationException;true;123;out1695415163664.nf;
groovy.lang.MissingPropertyException;true;387;out1695415164925.nf;
groovy.lang.MissingPropertyException;true;388;out1695415166665.nf;
groovy.lang.MissingPropertyException;true;389;out1695415168817.nf;
nextflow.exception.ScriptCompilationException;true;124;out1695415170430.nf;
groovy.lang.MissingPropertyException;true;390;out1695415171849.nf;
groovy.lang.MissingPropertyException;true;391;out1695415174425.nf;
groovy.lang.MissingPropertyException;true;392;out1695415176878.nf;
groovy.lang.MissingPropertyException;true;393;out1695415179381.nf;
groovy.lang.MissingPropertyException;true;394;out1695415180817.nf;
groovy.lang.MissingPropertyException;true;395;out1695415183077.nf;
nextflow.exception.DuplicateProcessInvocation;true;32;out1695415184520.nf;
groovy.lang.MissingPropertyException;true;396;out1695415185863.nf;
groovy.lang.MissingPropertyException;true;397;out1695415187254.nf;
groovy.lang.MissingPropertyException;true;398;out1695415189118.nf;
groovy.lang.MissingPropertyException;true;399;out1695415190658.nf;
groovy.lang.MissingPropertyException;true;400;out1695415192746.nf;
nextflow.exception.ScriptCompilationException;true;125;out1695415195119.nf;
groovy.lang.MissingPropertyException;true;401;out1695415196779.nf;
groovy.lang.MissingPropertyException;true;402;out1695415200410.nf;
groovy.lang.MissingPropertyException;true;403;out1695415202334.nf;
nextflow.exception.DuplicateProcessInvocation;true;33;out1695415203911.nf;
groovy.lang.MissingPropertyException;true;404;out1695415205237.nf;
groovy.lang.MissingPropertyException;true;405;out1695415206970.nf;
groovy.lang.MissingPropertyException;true;406;out1695415208350.nf;
groovy.lang.MissingPropertyException;true;407;out1695415211088.nf;
groovy.lang.MissingPropertyException;true;408;out1695415212849.nf;
groovy.lang.MissingPropertyException;true;409;out1695415214548.nf;
groovy.lang.MissingPropertyException;true;410;out1695415216210.nf;
groovy.lang.MissingPropertyException;true;411;out1695415217940.nf;
groovy.lang.MissingPropertyException;true;412;out1695415219659.nf;
groovy.lang.MissingPropertyException;true;413;out1695415222455.nf;
groovy.lang.MissingPropertyException;true;414;out1695415224116.nf;
groovy.lang.MissingPropertyException;true;415;out1695415228545.nf;
nextflow.exception.ScriptCompilationException;true;126;out1695415230017.nf;
nextflow.exception.ScriptCompilationException;true;127;out1695415231519.nf;
groovy.lang.MissingPropertyException;true;416;out1695415232889.nf;
groovy.lang.MissingPropertyException;true;417;out1695415234453.nf;
nextflow.exception.ScriptCompilationException;true;128;out1695415236649.nf;
groovy.lang.MissingPropertyException;true;418;out1695415237984.nf;
groovy.lang.MissingPropertyException;true;419;out1695415239869.nf;
nextflow.exception.ScriptCompilationException;true;129;out1695415241529.nf;
groovy.lang.MissingPropertyException;true;420;out1695415243870.nf;
groovy.lang.MissingPropertyException;true;421;out1695415245646.nf;
groovy.lang.MissingPropertyException;true;422;out1695415248177.nf;
groovy.lang.MissingPropertyException;true;423;out1695415252025.nf;
nextflow.exception.ScriptCompilationException;true;130;out1695415255441.nf;
nextflow.exception.ScriptCompilationException;true;131;out1695415258449.nf;
groovy.lang.MissingPropertyException;true;424;out1695415261236.nf;
groovy.lang.MissingPropertyException;true;425;out1695415270748.nf;
nextflow.exception.DuplicateProcessInvocation;true;34;out1695415277666.nf;
nextflow.exception.DuplicateProcessInvocation;true;35;out1695415284909.nf;
groovy.lang.MissingPropertyException;true;426;out1695415286928.nf;
groovy.lang.MissingPropertyException;true;427;out1695415288558.nf;
nextflow.exception.ScriptCompilationException;true;132;out1695415291775.nf;
groovy.lang.MissingPropertyException;true;428;out1695415293426.nf;
groovy.lang.MissingPropertyException;true;429;out1695415295652.nf;
groovy.lang.MissingPropertyException;true;430;out1695415297106.nf;
nextflow.exception.DuplicateProcessInvocation;true;36;out1695415298973.nf;
groovy.lang.MissingPropertyException;true;431;out1695415301249.nf;
groovy.lang.MissingPropertyException;true;432;out1695415303722.nf;
groovy.lang.MissingPropertyException;true;433;out1695415308019.nf;
groovy.lang.MissingPropertyException;true;434;out1695415317321.nf;
groovy.lang.MissingPropertyException;true;435;out1695415319630.nf;
nextflow.exception.ScriptCompilationException;true;133;out1695415322490.nf;
nextflow.exception.ScriptCompilationException;true;134;out1695415324107.nf;
groovy.lang.MissingPropertyException;true;436;out1695415326565.nf;
groovy.lang.MissingPropertyException;true;437;out1695415331015.nf;
groovy.lang.MissingPropertyException;true;438;out1695415332980.nf;
nextflow.exception.ScriptCompilationException;true;135;out1695415334381.nf;
nextflow.exception.ScriptCompilationException;true;136;out1695415339106.nf;
groovy.lang.MissingPropertyException;true;439;out1695415343494.nf;
groovy.lang.MissingPropertyException;true;440;out1695415345824.nf;
groovy.lang.MissingPropertyException;true;441;out1695415347479.nf;
nextflow.exception.ScriptCompilationException;true;137;out1695415349416.nf;
groovy.lang.MissingPropertyException;true;442;out1695415351143.nf;
groovy.lang.MissingPropertyException;true;443;out1695415352653.nf;
groovy.lang.MissingPropertyException;true;444;out1695415354256.nf;
groovy.lang.MissingPropertyException;true;445;out1695415356763.nf;
groovy.lang.MissingPropertyException;true;446;out1695415362545.nf;
nextflow.exception.DuplicateProcessInvocation;true;37;out1695415366140.nf;
groovy.lang.MissingPropertyException;true;447;out1695415367980.nf;
groovy.lang.MissingPropertyException;true;448;out1695415370562.nf;
groovy.lang.MissingPropertyException;true;449;out1695415372964.nf;
groovy.lang.MissingPropertyException;true;450;out1695415374859.nf;
groovy.lang.MissingPropertyException;true;451;out1695415377204.nf;
nextflow.exception.ScriptCompilationException;true;138;out1695415378728.nf;
groovy.lang.MissingPropertyException;true;452;out1695415383788.nf;
groovy.lang.MissingPropertyException;true;453;out1695415385734.nf;
groovy.lang.MissingPropertyException;true;454;out1695415389497.nf;
groovy.lang.MissingPropertyException;true;455;out1695415391439.nf;
groovy.lang.MissingPropertyException;true;456;out1695415393081.nf;
groovy.lang.MissingPropertyException;true;457;out1695415396960.nf;
groovy.lang.MissingPropertyException;true;458;out1695415399245.nf;
groovy.lang.MissingPropertyException;true;459;out1695415402853.nf;
groovy.lang.MissingPropertyException;true;460;out1695415404733.nf;
groovy.lang.MissingPropertyException;true;461;out1695415407046.nf;
groovy.lang.MissingPropertyException;true;462;out1695415409158.nf;
groovy.lang.MissingPropertyException;true;463;out1695415412550.nf;
groovy.lang.MissingPropertyException;true;464;out1695415416617.nf;
nextflow.exception.ScriptCompilationException;true;139;out1695415418209.nf;
groovy.lang.MissingPropertyException;true;465;out1695415420922.nf;
groovy.lang.MissingPropertyException;true;466;out1695415423192.nf;
groovy.lang.MissingPropertyException;true;467;out1695415425842.nf;
groovy.lang.MissingPropertyException;true;468;out1695415427381.nf;
groovy.lang.MissingPropertyException;true;469;out1695415429605.nf;
groovy.lang.MissingPropertyException;true;470;out1695415431668.nf;
groovy.lang.MissingPropertyException;true;471;out1695415434782.nf;
groovy.lang.MissingPropertyException;true;472;out1695415436922.nf;
nextflow.exception.ScriptCompilationException;true;140;out1695415439270.nf;
nextflow.exception.DuplicateProcessInvocation;true;38;out1695415440891.nf;
nextflow.exception.ScriptCompilationException;true;141;out1695415442675.nf;
groovy.lang.MissingPropertyException;true;473;out1695415449341.nf;
nextflow.exception.ScriptCompilationException;true;142;out1695415451252.nf;
nextflow.exception.DuplicateProcessInvocation;true;39;out1695415453039.nf;
nextflow.exception.ScriptCompilationException;true;143;out1695415455417.nf;
groovy.lang.MissingPropertyException;true;474;out1695415457491.nf;
groovy.lang.MissingPropertyException;true;475;out1695415459997.nf;
nextflow.exception.ScriptCompilationException;true;144;out1695415462450.nf;
groovy.lang.MissingPropertyException;true;476;out1695415464001.nf;
nextflow.exception.ScriptCompilationException;true;145;out1695415466234.nf;
groovy.lang.MissingPropertyException;true;477;out1695415468051.nf;
nextflow.exception.ScriptCompilationException;true;146;out1695415470668.nf;
groovy.lang.MissingPropertyException;true;478;out1695415473423.nf;
groovy.lang.MissingPropertyException;true;479;out1695415475354.nf;
groovy.lang.MissingPropertyException;true;480;out1695415479152.nf;
groovy.lang.MissingPropertyException;true;481;out1695415481375.nf;
groovy.lang.MissingPropertyException;true;482;out1695415484930.nf;
nextflow.exception.ScriptCompilationException;true;147;out1695415486898.nf;
groovy.lang.MissingPropertyException;true;483;out1695415488967.nf;
groovy.lang.MissingPropertyException;true;484;out1695415491750.nf;
nextflow.exception.ScriptCompilationException;true;148;out1695415494244.nf;
groovy.lang.MissingPropertyException;true;485;out1695415496229.nf;
groovy.lang.MissingPropertyException;true;486;out1695415498964.nf;
nextflow.exception.DuplicateProcessInvocation;true;40;out1695415502572.nf;
groovy.lang.MissingPropertyException;true;487;out1695415504576.nf;
nextflow.exception.ScriptCompilationException;true;149;out1695415507895.nf;
groovy.lang.MissingPropertyException;true;488;out1695415511038.nf;
groovy.lang.MissingPropertyException;true;489;out1695415512837.nf;
groovy.lang.MissingPropertyException;true;490;out1695415514550.nf;
groovy.lang.MissingPropertyException;true;491;out1695415518381.nf;
groovy.lang.MissingPropertyException;true;492;out1695415520985.nf;
groovy.lang.MissingPropertyException;true;493;out1695415522952.nf;
groovy.lang.MissingPropertyException;true;494;out1695415529072.nf;
groovy.lang.MissingPropertyException;true;495;out1695415531597.nf;
nextflow.exception.ScriptCompilationException;true;150;out1695415533772.nf;
groovy.lang.MissingPropertyException;true;496;out1695415535716.nf;
groovy.lang.MissingPropertyException;true;497;out1695415539484.nf;
groovy.lang.MissingPropertyException;true;498;out1695415542948.nf;
groovy.lang.MissingPropertyException;true;499;out1695415546811.nf;
groovy.lang.MissingPropertyException;true;500;out1695415548842.nf;
groovy.lang.MissingPropertyException;true;501;out1695415551556.nf;
nextflow.exception.ScriptCompilationException;true;151;out1695415554561.nf;
nextflow.exception.DuplicateProcessInvocation;true;41;out1695415556844.nf;
nextflow.exception.ScriptCompilationException;true;152;out1695415559207.nf;
groovy.lang.MissingPropertyException;true;502;out1695415561997.nf;
nextflow.exception.ScriptCompilationException;true;153;out1695415564683.nf;
groovy.lang.MissingPropertyException;true;503;out1695415566661.nf;
groovy.lang.MissingPropertyException;true;504;out1695415568846.nf;
nextflow.exception.ScriptCompilationException;true;154;out1695415571470.nf;
groovy.lang.MissingPropertyException;true;505;out1695415573627.nf;
groovy.lang.MissingPropertyException;true;506;out1695415576076.nf;
groovy.lang.MissingPropertyException;true;507;out1695415578226.nf;
groovy.lang.MissingPropertyException;true;508;out1695415580485.nf;
groovy.lang.MissingPropertyException;true;509;out1695415582914.nf;
groovy.lang.MissingPropertyException;true;510;out1695415584760.nf;
groovy.lang.MissingPropertyException;true;511;out1695415586661.nf;
groovy.lang.MissingPropertyException;true;512;out1695415589720.nf;
nextflow.exception.ScriptCompilationException;true;155;out1695415591722.nf;
groovy.lang.MissingPropertyException;true;513;out1695415594742.nf;
nextflow.exception.ScriptCompilationException;true;156;out1695415596949.nf;
nextflow.exception.DuplicateProcessInvocation;true;42;out1695415598886.nf;
groovy.lang.MissingPropertyException;true;514;out1695415601052.nf;
groovy.lang.MissingPropertyException;true;515;out1695415606225.nf;
nextflow.exception.ScriptCompilationException;true;157;out1695415609855.nf;
groovy.lang.MissingPropertyException;true;516;out1695415611870.nf;
groovy.lang.MissingPropertyException;true;517;out1695415613913.nf;
groovy.lang.MissingPropertyException;true;518;out1695415617127.nf;
nextflow.exception.DuplicateProcessInvocation;true;43;out1695415619693.nf;
groovy.lang.MissingPropertyException;true;519;out1695415621731.nf;
groovy.lang.MissingPropertyException;true;520;out1695415624181.nf;
nextflow.exception.ScriptCompilationException;true;158;out1695415627415.nf;
groovy.lang.MissingPropertyException;true;521;out1695415631578.nf;
groovy.lang.MissingPropertyException;true;522;out1695415634197.nf;
groovy.lang.MissingPropertyException;true;523;out1695415636153.nf;
groovy.lang.MissingPropertyException;true;524;out1695415642745.nf;
groovy.lang.MissingPropertyException;true;525;out1695415647472.nf;
groovy.lang.MissingPropertyException;true;526;out1695415650836.nf;
groovy.lang.MissingPropertyException;true;527;out1695415659061.nf;
groovy.lang.MissingPropertyException;true;528;out1695415664447.nf;
groovy.lang.MissingPropertyException;true;529;out1695415670425.nf;
groovy.lang.MissingPropertyException;true;530;out1695415676422.nf;
groovy.lang.MissingPropertyException;true;531;out1695415682331.nf;
nextflow.exception.ScriptCompilationException;true;159;out1695415687244.nf;
groovy.lang.MissingPropertyException;true;532;out1695415689694.nf;
groovy.lang.MissingPropertyException;true;533;out1695415692563.nf;
groovy.lang.MissingPropertyException;true;534;out1695415694681.nf;
groovy.lang.MissingPropertyException;true;535;out1695415698117.nf;
nextflow.exception.ScriptCompilationException;true;160;out1695415702609.nf;
groovy.lang.MissingPropertyException;true;536;out1695415705335.nf;
nextflow.exception.ScriptCompilationException;true;161;out1695415707857.nf;
nextflow.exception.ScriptCompilationException;true;162;out1695415709976.nf;
groovy.lang.MissingPropertyException;true;537;out1695415712050.nf;
groovy.lang.MissingPropertyException;true;538;out1695415714459.nf;
groovy.lang.MissingPropertyException;true;539;out1695415717447.nf;
groovy.lang.MissingPropertyException;true;540;out1695415720714.nf;
nextflow.exception.ScriptCompilationException;true;163;out1695415722708.nf;
groovy.lang.MissingPropertyException;true;541;out1695415725721.nf;
nextflow.exception.ScriptCompilationException;true;164;out1695415728751.nf;
groovy.lang.MissingPropertyException;true;542;out1695415731074.nf;
nextflow.exception.ScriptCompilationException;true;165;out1695415733449.nf;
groovy.lang.MissingPropertyException;true;543;out1695415736622.nf;
groovy.lang.MissingPropertyException;true;544;out1695415739346.nf;
groovy.lang.MissingPropertyException;true;545;out1695415742458.nf;
groovy.lang.MissingPropertyException;true;546;out1695415744507.nf;
groovy.lang.MissingPropertyException;true;547;out1695415746978.nf;
groovy.lang.MissingPropertyException;true;548;out1695415751402.nf;
nextflow.exception.ScriptCompilationException;true;166;out1695415753761.nf;
groovy.lang.MissingPropertyException;true;549;out1695415756058.nf;
nextflow.exception.ScriptCompilationException;true;167;out1695415758058.nf;
groovy.lang.MissingPropertyException;true;550;out1695415760179.nf;
groovy.lang.MissingPropertyException;true;551;out1695415765527.nf;
groovy.lang.MissingPropertyException;true;552;out1695415768033.nf;
groovy.lang.MissingPropertyException;true;553;out1695415770148.nf;
groovy.lang.MissingPropertyException;true;554;out1695415774430.nf;
groovy.lang.MissingPropertyException;true;555;out1695415777169.nf;
nextflow.exception.ScriptCompilationException;true;168;out1695415779560.nf;
groovy.lang.MissingPropertyException;true;556;out1695415783617.nf;
nextflow.exception.ScriptCompilationException;true;169;out1695415785863.nf;
groovy.lang.MissingPropertyException;true;557;out1695415793044.nf;
groovy.lang.MissingPropertyException;true;558;out1695415795239.nf;
nextflow.exception.ScriptCompilationException;true;170;out1695415799897.nf;
groovy.lang.MissingPropertyException;true;559;out1695415803642.nf;
groovy.lang.MissingPropertyException;true;560;out1695415806748.nf;
nextflow.exception.ScriptCompilationException;true;171;out1695415809058.nf;
groovy.lang.MissingPropertyException;true;561;out1695415811131.nf;
groovy.lang.MissingPropertyException;true;562;out1695415815310.nf;
groovy.lang.MissingPropertyException;true;563;out1695415819529.nf;
groovy.lang.MissingPropertyException;true;564;out1695415825288.nf;
groovy.lang.MissingPropertyException;true;565;out1695415828673.nf;
groovy.lang.MissingPropertyException;true;566;out1695415833098.nf;
groovy.lang.MissingPropertyException;true;567;out1695415836045.nf;
groovy.lang.MissingPropertyException;true;568;out1695415839093.nf;
groovy.lang.MissingPropertyException;true;569;out1695415842318.nf;
nextflow.exception.ScriptCompilationException;true;172;out1695415844984.nf;
groovy.lang.MissingPropertyException;true;570;out1695415847597.nf;
groovy.lang.MissingPropertyException;true;571;out1695415851552.nf;
groovy.lang.MissingPropertyException;true;572;out1695415855454.nf;
nextflow.exception.ScriptCompilationException;true;173;out1695415863907.nf;
nextflow.exception.ScriptCompilationException;true;174;out1695415867267.nf;
groovy.lang.MissingPropertyException;true;573;out1695415869745.nf;
groovy.lang.MissingPropertyException;true;574;out1695415876737.nf;
nextflow.exception.ScriptCompilationException;true;175;out1695415880404.nf;
nextflow.exception.DuplicateProcessInvocation;true;44;out1695415882638.nf;
groovy.lang.MissingPropertyException;true;575;out1695415886399.nf;
groovy.lang.MissingPropertyException;true;576;out1695415888702.nf;
groovy.lang.MissingPropertyException;true;577;out1695415893350.nf;
groovy.lang.MissingPropertyException;true;578;out1695415896355.nf;
nextflow.exception.ScriptCompilationException;true;176;out1695415898906.nf;
groovy.lang.MissingPropertyException;true;579;out1695415901980.nf;
groovy.lang.MissingPropertyException;true;580;out1695415904161.nf;
groovy.lang.MissingPropertyException;true;581;out1695415907077.nf;
groovy.lang.MissingPropertyException;true;582;out1695415909267.nf;
groovy.lang.MissingPropertyException;true;583;out1695415912006.nf;
groovy.lang.MissingPropertyException;true;584;out1695415914614.nf;
groovy.lang.MissingPropertyException;true;585;out1695415917843.nf;
groovy.lang.MissingPropertyException;true;586;out1695415920648.nf;
groovy.lang.MissingPropertyException;true;587;out1695415922865.nf;
nextflow.exception.DuplicateProcessInvocation;true;45;out1695415925235.nf;
groovy.lang.MissingPropertyException;true;588;out1695415928101.nf;
groovy.lang.MissingPropertyException;true;589;out1695415931111.nf;
groovy.lang.MissingPropertyException;true;590;out1695415933633.nf;
groovy.lang.MissingPropertyException;true;591;out1695415936759.nf;
groovy.lang.MissingPropertyException;true;592;out1695415939049.nf;
nextflow.exception.ScriptCompilationException;true;177;out1695415941823.nf;
groovy.lang.MissingPropertyException;true;593;out1695415949423.nf;
groovy.lang.MissingPropertyException;true;594;out1695415952312.nf;
groovy.lang.MissingPropertyException;true;595;out1695415958250.nf;
groovy.lang.MissingPropertyException;true;596;out1695415961063.nf;
groovy.lang.MissingPropertyException;true;597;out1695415966186.nf;
nextflow.exception.ScriptCompilationException;true;178;out1695415970079.nf;
groovy.lang.MissingPropertyException;true;598;out1695415978034.nf;
groovy.lang.MissingPropertyException;true;599;out1695415982560.nf;
groovy.lang.MissingPropertyException;true;600;out1695415988606.nf;
nextflow.exception.ScriptCompilationException;true;179;out1695415991599.nf;
nextflow.exception.ScriptCompilationException;true;180;out1695415994443.nf;
groovy.lang.MissingPropertyException;true;601;out1695415997439.nf;
groovy.lang.MissingPropertyException;true;602;out1695416003217.nf;
groovy.lang.MissingPropertyException;true;603;out1695416007285.nf;
groovy.lang.MissingPropertyException;true;604;out1695416010852.nf;
groovy.lang.MissingPropertyException;true;605;out1695416014499.nf;
nextflow.exception.ScriptCompilationException;true;181;out1695416017909.nf;
groovy.lang.MissingPropertyException;true;606;out1695416021823.nf;
groovy.lang.MissingPropertyException;true;607;out1695416024791.nf;
nextflow.exception.ScriptCompilationException;true;182;out1695416027413.nf;
groovy.lang.MissingPropertyException;true;608;out1695416029973.nf;
nextflow.exception.ScriptCompilationException;true;183;out1695416034562.nf;
nextflow.exception.ScriptCompilationException;true;184;out1695416038137.nf;
nextflow.exception.ScriptCompilationException;true;185;out1695416041140.nf;
groovy.lang.MissingPropertyException;true;609;out1695416043806.nf;
groovy.lang.MissingPropertyException;true;610;out1695416046777.nf;
nextflow.exception.ScriptCompilationException;true;186;out1695416049572.nf;
nextflow.exception.ScriptCompilationException;true;187;out1695416054250.nf;
groovy.lang.MissingPropertyException;true;611;out1695416057786.nf;
groovy.lang.MissingPropertyException;true;612;out1695416061004.nf;
groovy.lang.MissingPropertyException;true;613;out1695416064046.nf;
groovy.lang.MissingPropertyException;true;614;out1695416066886.nf;
groovy.lang.MissingPropertyException;true;615;out1695416071335.nf;
nextflow.exception.DuplicateProcessInvocation;true;46;out1695416075056.nf;
groovy.lang.MissingPropertyException;true;616;out1695416079695.nf;
groovy.lang.MissingPropertyException;true;617;out1695416082208.nf;
groovy.lang.MissingPropertyException;true;618;out1695416086142.nf;
groovy.lang.MissingPropertyException;true;619;out1695416090230.nf;
nextflow.exception.DuplicateProcessInvocation;true;47;out1695416092671.nf;
nextflow.exception.DuplicateProcessInvocation;true;48;out1695416096077.nf;
nextflow.exception.ScriptCompilationException;true;188;out1695416099881.nf;
nextflow.exception.DuplicateProcessInvocation;true;49;out1695416102842.nf;
groovy.lang.MissingPropertyException;true;620;out1695416105646.nf;
groovy.lang.MissingPropertyException;true;621;out1695416109267.nf;
nextflow.exception.ScriptCompilationException;true;189;out1695416112203.nf;
nextflow.exception.ScriptCompilationException;true;190;out1695416116128.nf;
nextflow.exception.ScriptCompilationException;true;191;out1695416119142.nf;
groovy.lang.MissingPropertyException;true;622;out1695416121834.nf;
groovy.lang.MissingPropertyException;true;623;out1695416124838.nf;
nextflow.exception.ScriptCompilationException;true;192;out1695416130561.nf;
groovy.lang.MissingPropertyException;true;624;out1695416134225.nf;
nextflow.exception.ScriptCompilationException;true;193;out1695416137161.nf;
groovy.lang.MissingPropertyException;true;625;out1695416141570.nf;
nextflow.exception.ScriptCompilationException;true;194;out1695416144345.nf;
groovy.lang.MissingPropertyException;true;626;out1695416147190.nf;
groovy.lang.MissingPropertyException;true;627;out1695416151953.nf;
groovy.lang.MissingPropertyException;true;628;out1695416155185.nf;
groovy.lang.MissingPropertyException;true;629;out1695416158018.nf;
groovy.lang.MissingPropertyException;true;630;out1695416162069.nf;
groovy.lang.MissingPropertyException;true;631;out1695416165956.nf;
groovy.lang.MissingPropertyException;true;632;out1695416169667.nf;
groovy.lang.MissingPropertyException;true;633;out1695416175160.nf;
groovy.lang.MissingPropertyException;true;634;out1695416181161.nf;
groovy.lang.MissingPropertyException;true;635;out1695416183877.nf;
groovy.lang.MissingPropertyException;true;636;out1695416190673.nf;
groovy.lang.MissingPropertyException;true;637;out1695416193627.nf;
groovy.lang.MissingPropertyException;true;638;out1695416198536.nf;
groovy.lang.MissingPropertyException;true;639;out1695416201601.nf;
groovy.lang.MissingPropertyException;true;640;out1695416204420.nf;
groovy.lang.MissingPropertyException;true;641;out1695416208096.nf;
groovy.lang.MissingPropertyException;true;642;out1695416211326.nf;
groovy.lang.MissingPropertyException;true;643;out1695416217894.nf;
groovy.lang.MissingPropertyException;true;644;out1695416221733.nf;
groovy.lang.MissingPropertyException;true;645;out1695416225621.nf;
groovy.lang.MissingPropertyException;true;646;out1695416228647.nf;
groovy.lang.MissingPropertyException;true;647;out1695416231742.nf;
groovy.lang.MissingPropertyException;true;648;out1695416234647.nf;
nextflow.exception.ScriptCompilationException;true;195;out1695416237659.nf;
nextflow.exception.ScriptCompilationException;true;196;out1695416240366.nf;
groovy.lang.MissingPropertyException;true;649;out1695416244486.nf;
nextflow.exception.ScriptCompilationException;true;197;out1695416247957.nf;
nextflow.exception.ScriptCompilationException;true;198;out1695416251350.nf;
nextflow.exception.ScriptCompilationException;true;199;out1695416255144.nf;
groovy.lang.MissingPropertyException;true;650;out1695416260186.nf;
groovy.lang.MissingPropertyException;true;651;out1695416263282.nf;
groovy.lang.MissingPropertyException;true;652;out1695416267707.nf;
groovy.lang.MissingPropertyException;true;653;out1695416271414.nf;
groovy.lang.MissingPropertyException;true;654;out1695416276181.nf;
groovy.lang.MissingPropertyException;true;655;out1695416279633.nf;
groovy.lang.MissingPropertyException;true;656;out1695416286281.nf;
groovy.lang.MissingPropertyException;true;657;out1695416289877.nf;
nextflow.exception.DuplicateProcessInvocation;true;50;out1695416292818.nf;
groovy.lang.MissingPropertyException;true;658;out1695416298447.nf;
groovy.lang.MissingPropertyException;true;659;out1695416301586.nf;
groovy.lang.MissingPropertyException;true;660;out1695416305002.nf;
nextflow.exception.ScriptCompilationException;true;200;out1695416308487.nf;
groovy.lang.MissingPropertyException;true;661;out1695416312543.nf;
nextflow.exception.ScriptCompilationException;true;201;out1695416315340.nf;
groovy.lang.MissingPropertyException;true;662;out1695416318827.nf;
groovy.lang.MissingPropertyException;true;663;out1695416322413.nf;
groovy.lang.MissingPropertyException;true;664;out1695416325484.nf;
groovy.lang.MissingPropertyException;true;665;out1695416328483.nf;
groovy.lang.MissingPropertyException;true;666;out1695416332953.nf;
nextflow.exception.ScriptCompilationException;true;202;out1695416337692.nf;
groovy.lang.MissingPropertyException;true;667;out1695416340880.nf;
groovy.lang.MissingPropertyException;true;668;out1695416343811.nf;
groovy.lang.MissingPropertyException;true;669;out1695416347763.nf;
groovy.lang.MissingPropertyException;true;670;out1695416351756.nf;
groovy.lang.MissingPropertyException;true;671;out1695416355038.nf;
nextflow.exception.ScriptCompilationException;true;203;out1695416357811.nf;
groovy.lang.MissingPropertyException;true;672;out1695416361326.nf;
groovy.lang.MissingPropertyException;true;673;out1695416365822.nf;
groovy.lang.MissingPropertyException;true;674;out1695416371723.nf;
nextflow.exception.ScriptCompilationException;true;204;out1695416376589.nf;
groovy.lang.MissingPropertyException;true;675;out1695416379390.nf;
groovy.lang.MissingPropertyException;true;676;out1695416382170.nf;
nextflow.exception.ScriptCompilationException;true;205;out1695416385628.nf;
groovy.lang.MissingPropertyException;true;677;out1695416388774.nf;
groovy.lang.MissingPropertyException;true;678;out1695416395418.nf;
groovy.lang.MissingPropertyException;true;679;out1695416399464.nf;
nextflow.exception.ScriptCompilationException;true;206;out1695416402675.nf;
groovy.lang.MissingPropertyException;true;680;out1695416408465.nf;
groovy.lang.MissingPropertyException;true;681;out1695416412417.nf;
groovy.lang.MissingPropertyException;true;682;out1695416415420.nf;
groovy.lang.MissingPropertyException;true;683;out1695416418287.nf;
nextflow.exception.DuplicateProcessInvocation;true;51;out1695416423392.nf;
nextflow.exception.ScriptCompilationException;true;207;out1695416426640.nf;
groovy.lang.MissingPropertyException;true;684;out1695416430308.nf;
groovy.lang.MissingPropertyException;true;685;out1695416433359.nf;
nextflow.exception.ScriptCompilationException;true;208;out1695416440124.nf;
groovy.lang.MissingPropertyException;true;686;out1695416446241.nf;
nextflow.exception.DuplicateProcessInvocation;true;52;out1695416450951.nf;
nextflow.exception.ScriptCompilationException;true;209;out1695416456086.nf;
groovy.lang.MissingPropertyException;true;687;out1695416459261.nf;
groovy.lang.MissingPropertyException;true;688;out1695416463302.nf;
groovy.lang.MissingPropertyException;true;689;out1695416467861.nf;
groovy.lang.MissingPropertyException;true;690;out1695416471390.nf;
nextflow.exception.ScriptCompilationException;true;210;out1695416475063.nf;
groovy.lang.MissingPropertyException;true;691;out1695416479819.nf;
groovy.lang.MissingPropertyException;true;692;out1695416484305.nf;
nextflow.exception.ScriptCompilationException;true;211;out1695416490372.nf;
groovy.lang.MissingPropertyException;true;693;out1695416496839.nf;
groovy.lang.MissingPropertyException;true;694;out1695416499890.nf;
groovy.lang.MissingPropertyException;true;695;out1695416503635.nf;
nextflow.exception.ScriptCompilationException;true;212;out1695416506876.nf;
nextflow.exception.ScriptCompilationException;true;213;out1695416510627.nf;
groovy.lang.MissingPropertyException;true;696;out1695416517360.nf;
nextflow.exception.ScriptCompilationException;true;214;out1695416520922.nf;
groovy.lang.MissingPropertyException;true;697;out1695416524621.nf;
nextflow.exception.ScriptCompilationException;true;215;out1695416528596.nf;
groovy.lang.MissingPropertyException;true;698;out1695416537645.nf;
groovy.lang.MissingPropertyException;true;699;out1695416551176.nf;
groovy.lang.MissingPropertyException;true;700;out1695416559350.nf;
groovy.lang.MissingPropertyException;true;701;out1695416565333.nf;
groovy.lang.MissingPropertyException;true;702;out1695416568277.nf;
nextflow.exception.DuplicateProcessInvocation;true;53;out1695416572086.nf;
nextflow.exception.ScriptCompilationException;true;216;out1695416576634.nf;
groovy.lang.MissingPropertyException;true;703;out1695416579971.nf;
groovy.lang.MissingPropertyException;true;704;out1695416584637.nf;
groovy.lang.MissingPropertyException;true;705;out1695416588177.nf;
groovy.lang.MissingPropertyException;true;706;out1695416592788.nf;
groovy.lang.MissingPropertyException;true;707;out1695416596024.nf;
groovy.lang.MissingPropertyException;true;708;out1695416607647.nf;
nextflow.exception.ScriptCompilationException;true;217;out1695416621238.nf;
groovy.lang.MissingPropertyException;true;709;out1695416626904.nf;
groovy.lang.MissingPropertyException;true;710;out1695416633145.nf;
groovy.lang.MissingPropertyException;true;711;out1695416637335.nf;
nextflow.exception.ScriptCompilationException;true;218;out1695416641635.nf;
groovy.lang.MissingPropertyException;true;712;out1695416652153.nf;
groovy.lang.MissingPropertyException;true;713;out1695416656778.nf;
groovy.lang.MissingPropertyException;true;714;out1695416662519.nf;
groovy.lang.MissingPropertyException;true;715;out1695416666099.nf;
groovy.lang.MissingPropertyException;true;716;out1695416671065.nf;
nextflow.exception.ScriptCompilationException;true;219;out1695416674817.nf;
groovy.lang.MissingPropertyException;true;717;out1695416678659.nf;
groovy.lang.MissingPropertyException;true;718;out1695416682118.nf;
groovy.lang.MissingPropertyException;true;719;out1695416685994.nf;
groovy.lang.MissingPropertyException;true;720;out1695416689044.nf;
groovy.lang.MissingPropertyException;true;721;out1695416693781.nf;
groovy.lang.MissingPropertyException;true;722;out1695416697654.nf;
groovy.lang.MissingPropertyException;true;723;out1695416703045.nf;
groovy.lang.MissingPropertyException;true;724;out1695416707772.nf;
nextflow.exception.ScriptCompilationException;true;220;out1695416713151.nf;
nextflow.exception.DuplicateProcessInvocation;true;54;out1695416716981.nf;
groovy.lang.MissingPropertyException;true;725;out1695416721058.nf;
nextflow.exception.ScriptCompilationException;true;221;out1695416724583.nf;
nextflow.exception.ScriptCompilationException;true;222;out1695416728437.nf;
groovy.lang.MissingPropertyException;true;726;out1695416732214.nf;
groovy.lang.MissingPropertyException;true;727;out1695416736426.nf;
groovy.lang.MissingPropertyException;true;728;out1695416745168.nf;
groovy.lang.MissingPropertyException;true;729;out1695416749148.nf;
groovy.lang.MissingPropertyException;true;730;out1695416753408.nf;
groovy.lang.MissingPropertyException;true;731;out1695416757207.nf;
groovy.lang.MissingPropertyException;true;732;out1695416760779.nf;
groovy.lang.MissingPropertyException;true;733;out1695416765695.nf;
groovy.lang.MissingPropertyException;true;734;out1695416770556.nf;
nextflow.exception.ScriptCompilationException;true;223;out1695416778127.nf;
groovy.lang.MissingPropertyException;true;735;out1695416783263.nf;
nextflow.exception.ScriptCompilationException;true;224;out1695416787695.nf;
groovy.lang.MissingPropertyException;true;736;out1695416792860.nf;
groovy.lang.MissingPropertyException;true;737;out1695416796455.nf;
nextflow.exception.DuplicateProcessInvocation;true;55;out1695416801512.nf;
nextflow.exception.ScriptCompilationException;true;225;out1695416807632.nf;
groovy.lang.MissingPropertyException;true;738;out1695416812069.nf;
groovy.lang.MissingPropertyException;true;739;out1695416817781.nf;
nextflow.exception.ScriptCompilationException;true;226;out1695416821654.nf;
groovy.lang.MissingPropertyException;true;740;out1695416826380.nf;
groovy.lang.MissingPropertyException;true;741;out1695416830283.nf;
groovy.lang.MissingPropertyException;true;742;out1695416834066.nf;
groovy.lang.MissingPropertyException;true;743;out1695416839816.nf;
groovy.lang.MissingPropertyException;true;744;out1695416843415.nf;
nextflow.exception.DuplicateProcessInvocation;true;56;out1695416848643.nf;
nextflow.exception.ScriptCompilationException;true;227;out1695416853741.nf;
groovy.lang.MissingPropertyException;true;745;out1695416858045.nf;
groovy.lang.MissingPropertyException;true;746;out1695416862853.nf;
groovy.lang.MissingPropertyException;true;747;out1695416870320.nf;
nextflow.exception.ScriptCompilationException;true;228;out1695416875341.nf;
groovy.lang.MissingPropertyException;true;748;out1695416881438.nf;
nextflow.exception.ScriptCompilationException;true;229;out1695416890111.nf;
nextflow.exception.ScriptCompilationException;true;230;out1695416899044.nf;
groovy.lang.MissingPropertyException;true;749;out1695416902937.nf;
nextflow.exception.ScriptCompilationException;true;231;out1695416906844.nf;
groovy.lang.MissingPropertyException;true;750;out1695416914507.nf;
groovy.lang.MissingPropertyException;true;751;out1695416922167.nf;
groovy.lang.MissingPropertyException;true;752;out1695416930208.nf;
groovy.lang.MissingPropertyException;true;753;out1695416933744.nf;
groovy.lang.MissingPropertyException;true;754;out1695416937941.nf;
groovy.lang.MissingPropertyException;true;755;out1695416945120.nf;
nextflow.exception.ScriptCompilationException;true;232;out1695416950392.nf;
groovy.lang.MissingPropertyException;true;756;out1695416956238.nf;
nextflow.exception.ScriptCompilationException;true;233;out1695416960455.nf;
nextflow.exception.ScriptCompilationException;true;234;out1695416965482.nf;
groovy.lang.MissingPropertyException;true;757;out1695416969196.nf;
groovy.lang.MissingPropertyException;true;758;out1695416973512.nf;
groovy.lang.MissingPropertyException;true;759;out1695416977254.nf;
groovy.lang.MissingPropertyException;true;760;out1695416981137.nf;
groovy.lang.MissingPropertyException;true;761;out1695416986133.nf;
groovy.lang.MissingPropertyException;true;762;out1695416991262.nf;
groovy.lang.MissingPropertyException;true;763;out1695416995316.nf;
nextflow.exception.ScriptCompilationException;true;235;out1695416999420.nf;
groovy.lang.MissingPropertyException;true;764;out1695417005245.nf;
nextflow.exception.ScriptCompilationException;true;236;out1695417011920.nf;
groovy.lang.MissingPropertyException;true;765;out1695417015991.nf;
groovy.lang.MissingPropertyException;true;766;out1695417023757.nf;
groovy.lang.MissingPropertyException;true;767;out1695417027891.nf;
nextflow.exception.ScriptCompilationException;true;237;out1695417034355.nf;
groovy.lang.MissingPropertyException;true;768;out1695417038658.nf;
groovy.lang.MissingPropertyException;true;769;out1695417043452.nf;
groovy.lang.MissingPropertyException;true;770;out1695417047901.nf;
nextflow.exception.DuplicateProcessInvocation;true;57;out1695417052389.nf;
nextflow.exception.ScriptCompilationException;true;238;out1695417056823.nf;
groovy.lang.MissingPropertyException;true;771;out1695417061509.nf;
groovy.lang.MissingPropertyException;true;772;out1695417065461.nf;
groovy.lang.MissingPropertyException;true;773;out1695417074244.nf;
groovy.lang.MissingPropertyException;true;774;out1695417082540.nf;
groovy.lang.MissingPropertyException;true;775;out1695417087929.nf;
groovy.lang.MissingPropertyException;true;776;out1695417093623.nf;
groovy.lang.MissingPropertyException;true;777;out1695417099679.nf;
groovy.lang.MissingPropertyException;true;778;out1695417105767.nf;
groovy.lang.MissingPropertyException;true;779;out1695417110773.nf;
groovy.lang.MissingPropertyException;true;780;out1695417116331.nf;
nextflow.exception.ScriptCompilationException;true;239;out1695417121024.nf;
groovy.lang.MissingPropertyException;true;781;out1695417126495.nf;
nextflow.exception.ScriptCompilationException;true;240;out1695417131182.nf;
groovy.lang.MissingPropertyException;true;782;out1695417135707.nf;
groovy.lang.MissingPropertyException;true;783;out1695417143584.nf;
groovy.lang.MissingPropertyException;true;784;out1695417148174.nf;
groovy.lang.MissingPropertyException;true;785;out1695417153342.nf;
groovy.lang.MissingPropertyException;true;786;out1695417160030.nf;
groovy.lang.MissingPropertyException;true;787;out1695417164509.nf;
groovy.lang.MissingPropertyException;true;788;out1695417168949.nf;
groovy.lang.MissingPropertyException;true;789;out1695417172807.nf;
groovy.lang.MissingPropertyException;true;790;out1695417179829.nf;
nextflow.exception.ScriptCompilationException;true;241;out1695417185266.nf;
groovy.lang.MissingPropertyException;true;791;out1695417189515.nf;
nextflow.exception.ScriptCompilationException;true;242;out1695417195634.nf;
groovy.lang.MissingPropertyException;true;792;out1695417200579.nf;
nextflow.exception.ScriptCompilationException;true;243;out1695417206210.nf;
nextflow.exception.ScriptCompilationException;true;244;out1695417216399.nf;
nextflow.exception.ScriptCompilationException;true;245;out1695417221004.nf;
groovy.lang.MissingPropertyException;true;793;out1695417225535.nf;
groovy.lang.MissingPropertyException;true;794;out1695417229610.nf;
nextflow.exception.ScriptCompilationException;true;246;out1695417234316.nf;
groovy.lang.MissingPropertyException;true;795;out1695417238814.nf;
groovy.lang.MissingPropertyException;true;796;out1695417245658.nf;
nextflow.exception.ScriptCompilationException;true;247;out1695417251116.nf;
groovy.lang.MissingPropertyException;true;797;out1695417255375.nf;
nextflow.exception.ScriptCompilationException;true;248;out1695417261033.nf;
groovy.lang.MissingPropertyException;true;798;out1695417266404.nf;
nextflow.exception.ScriptCompilationException;true;249;out1695417272457.nf;
groovy.lang.MissingPropertyException;true;799;out1695417276718.nf;
groovy.lang.MissingPropertyException;true;800;out1695417284730.nf;
groovy.lang.MissingPropertyException;true;801;out1695417289308.nf;
nextflow.exception.ScriptCompilationException;true;250;out1695417294424.nf;
nextflow.exception.ScriptCompilationException;true;251;out1695417298377.nf;
groovy.lang.MissingPropertyException;true;802;out1695417304124.nf;
groovy.lang.MissingPropertyException;true;803;out1695417314325.nf;
groovy.lang.MissingPropertyException;true;804;out1695417318845.nf;
nextflow.exception.ScriptCompilationException;true;252;out1695417323972.nf;
nextflow.exception.ScriptCompilationException;true;253;out1695417331453.nf;
groovy.lang.MissingPropertyException;true;805;out1695417339302.nf;
groovy.lang.MissingPropertyException;true;806;out1695417344388.nf;
nextflow.exception.ScriptCompilationException;true;254;out1695417348677.nf;
nextflow.exception.DuplicateProcessInvocation;true;58;out1695417353115.nf;
groovy.lang.MissingPropertyException;true;807;out1695417357371.nf;
groovy.lang.MissingPropertyException;true;808;out1695417379730.nf;
groovy.lang.MissingPropertyException;true;809;out1695417396740.nf;
groovy.lang.MissingPropertyException;true;810;out1695417401527.nf;
groovy.lang.MissingPropertyException;true;811;out1695417408849.nf;
nextflow.exception.DuplicateProcessInvocation;true;59;out1695417415217.nf;
nextflow.exception.ScriptCompilationException;true;255;out1695417421126.nf;
groovy.lang.MissingPropertyException;true;812;out1695417427360.nf;
groovy.lang.MissingPropertyException;true;813;out1695417431578.nf;
nextflow.exception.ScriptCompilationException;true;256;out1695417436578.nf;
nextflow.exception.ScriptCompilationException;true;257;out1695417441679.nf;
nextflow.exception.ScriptCompilationException;true;258;out1695417445931.nf;
groovy.lang.MissingPropertyException;true;814;out1695417452833.nf;
nextflow.exception.ScriptCompilationException;true;259;out1695417463317.nf;
groovy.lang.MissingPropertyException;true;815;out1695417468339.nf;
nextflow.exception.ScriptCompilationException;true;260;out1695417473081.nf;
nextflow.exception.ScriptCompilationException;true;261;out1695417478551.nf;
nextflow.exception.ScriptCompilationException;true;262;out1695417485094.nf;
groovy.lang.MissingPropertyException;true;816;out1695417489861.nf;
nextflow.exception.ScriptCompilationException;true;263;out1695417494773.nf;
groovy.lang.MissingPropertyException;true;817;out1695417499717.nf;
groovy.lang.MissingPropertyException;true;818;out1695417508046.nf;
groovy.lang.MissingPropertyException;true;819;out1695417513079.nf;
groovy.lang.MissingPropertyException;true;820;out1695417521677.nf;
groovy.lang.MissingPropertyException;true;821;out1695417530611.nf;
nextflow.exception.ScriptCompilationException;true;264;out1695417538620.nf;
groovy.lang.MissingPropertyException;true;822;out1695417545340.nf;
groovy.lang.MissingPropertyException;true;823;out1695417550199.nf;
nextflow.exception.ScriptCompilationException;true;265;out1695417554504.nf;
groovy.lang.MissingPropertyException;true;824;out1695417559862.nf;
groovy.lang.MissingPropertyException;true;825;out1695417565360.nf;
nextflow.exception.ScriptCompilationException;true;266;out1695417570453.nf;
nextflow.exception.ScriptCompilationException;true;267;out1695417575984.nf;
nextflow.exception.ScriptCompilationException;true;268;out1695417580924.nf;
groovy.lang.MissingPropertyException;true;826;out1695417586509.nf;
groovy.lang.MissingPropertyException;true;827;out1695417591046.nf;
groovy.lang.MissingPropertyException;true;828;out1695417601912.nf;
nextflow.exception.ScriptCompilationException;true;269;out1695417607819.nf;
groovy.lang.MissingPropertyException;true;829;out1695417612809.nf;
groovy.lang.MissingPropertyException;true;830;out1695417618804.nf;
groovy.lang.MissingPropertyException;true;831;out1695417624854.nf;
nextflow.exception.ScriptCompilationException;true;270;out1695417630943.nf;
groovy.lang.MissingPropertyException;true;832;out1695417635420.nf;
groovy.lang.MissingPropertyException;true;833;out1695417641358.nf;
nextflow.exception.ScriptCompilationException;true;271;out1695417646655.nf;
nextflow.exception.ScriptCompilationException;true;272;out1695417652643.nf;
nextflow.exception.ScriptCompilationException;true;273;out1695417658345.nf;
nextflow.exception.ScriptCompilationException;true;274;out1695417663158.nf;
groovy.lang.MissingPropertyException;true;834;out1695417670706.nf;
groovy.lang.MissingPropertyException;true;835;out1695417676648.nf;
groovy.lang.MissingPropertyException;true;836;out1695417683068.nf;
nextflow.exception.ScriptCompilationException;true;275;out1695417688991.nf;
groovy.lang.MissingPropertyException;true;837;out1695417695951.nf;
groovy.lang.MissingPropertyException;true;838;out1695417707146.nf;
groovy.lang.MissingPropertyException;true;839;out1695417713840.nf;
groovy.lang.MissingPropertyException;true;840;out1695417721165.nf;
groovy.lang.MissingPropertyException;true;841;out1695417727290.nf;
groovy.lang.MissingPropertyException;true;842;out1695417732708.nf;
groovy.lang.MissingPropertyException;true;843;out1695417740050.nf;
groovy.lang.MissingPropertyException;true;844;out1695417747833.nf;
nextflow.exception.ScriptCompilationException;true;276;out1695417753704.nf;
groovy.lang.MissingPropertyException;true;845;out1695417761306.nf;
groovy.lang.MissingPropertyException;true;846;out1695417768530.nf;
nextflow.exception.DuplicateProcessInvocation;true;60;out1695417774097.nf;
groovy.lang.MissingPropertyException;true;847;out1695417780556.nf;
groovy.lang.MissingPropertyException;true;848;out1695417786367.nf;
nextflow.exception.ScriptCompilationException;true;277;out1695417792145.nf;
groovy.lang.MissingPropertyException;true;849;out1695417804932.nf;
groovy.lang.MissingPropertyException;true;850;out1695417809879.nf;
groovy.lang.MissingPropertyException;true;851;out1695417816818.nf;
nextflow.exception.ScriptCompilationException;true;278;out1695417823160.nf;
groovy.lang.MissingPropertyException;true;852;out1695417827931.nf;
groovy.lang.MissingPropertyException;true;853;out1695417837146.nf;
groovy.lang.MissingPropertyException;true;854;out1695417852765.nf;
nextflow.exception.ScriptCompilationException;true;279;out1695417858765.nf;
nextflow.exception.ScriptCompilationException;true;280;out1695417865607.nf;
nextflow.exception.ScriptCompilationException;true;281;out1695417873016.nf;
nextflow.exception.ScriptCompilationException;true;282;out1695417881925.nf;
nextflow.exception.ScriptCompilationException;true;283;out1695417886979.nf;
nextflow.exception.ScriptCompilationException;true;284;out1695417894790.nf;
groovy.lang.MissingPropertyException;true;855;out1695417900757.nf;
groovy.lang.MissingPropertyException;true;856;out1695417909343.nf;
nextflow.exception.ScriptCompilationException;true;285;out1695417914744.nf;
nextflow.exception.ScriptCompilationException;true;286;out1695417932955.nf;
nextflow.exception.ScriptCompilationException;true;287;out1695417948041.nf;
groovy.lang.MissingPropertyException;true;857;out1695417954381.nf;
nextflow.exception.ScriptCompilationException;true;288;out1695417961709.nf;
groovy.lang.MissingPropertyException;true;858;out1695417973454.nf;
groovy.lang.MissingPropertyException;true;859;out1695417978254.nf;
groovy.lang.MissingPropertyException;true;860;out1695417983499.nf;
groovy.lang.MissingPropertyException;true;861;out1695417989107.nf;
groovy.lang.MissingPropertyException;true;862;out1695417996659.nf;
groovy.lang.MissingPropertyException;true;863;out1695418001993.nf;
nextflow.exception.ScriptCompilationException;true;289;out1695418007236.nf;
groovy.lang.MissingPropertyException;true;864;out1695418014852.nf;
groovy.lang.MissingPropertyException;true;865;out1695418025921.nf;
groovy.lang.MissingPropertyException;true;866;out1695418032420.nf;
groovy.lang.MissingPropertyException;true;867;out1695418037451.nf;
groovy.lang.MissingPropertyException;true;868;out1695418048772.nf;
groovy.lang.MissingPropertyException;true;869;out1695418056250.nf;
groovy.lang.MissingPropertyException;true;870;out1695418061605.nf;
groovy.lang.MissingPropertyException;true;871;out1695418067198.nf;
groovy.lang.MissingPropertyException;true;872;out1695418080161.nf;
groovy.lang.MissingPropertyException;true;873;out1695418092305.nf;
groovy.lang.MissingPropertyException;true;874;out1695418099084.nf;
groovy.lang.MissingPropertyException;true;875;out1695418104399.nf;
groovy.lang.MissingPropertyException;true;876;out1695418110615.nf;
nextflow.exception.ScriptCompilationException;true;290;out1695418116076.nf;
groovy.lang.MissingPropertyException;true;877;out1695418124144.nf;
groovy.lang.MissingPropertyException;true;878;out1695418129519.nf;
groovy.lang.MissingPropertyException;true;879;out1695418140355.nf;
groovy.lang.MissingPropertyException;true;880;out1695418152759.nf;
groovy.lang.MissingPropertyException;true;881;out1695418160370.nf;
groovy.lang.MissingPropertyException;true;882;out1695418166745.nf;
groovy.lang.MissingPropertyException;true;883;out1695418172170.nf;
groovy.lang.MissingPropertyException;true;884;out1695418177383.nf;
