nextflow.exception.AbortRunException;true;1;out1695559943251.nf;
nextflow.exception.ScriptCompilationException;true;1;out1695559972002.nf;
nextflow.exception.ScriptCompilationException;true;2;out1695560176011.nf;
nextflow.exception.ScriptCompilationException;true;3;out1695560521538.nf;
nextflow.exception.ScriptCompilationException;true;4;out1695560667293.nf;
nextflow.exception.ScriptCompilationException;true;5;out1695561186270.nf;
nextflow.exception.ScriptCompilationException;true;6;out1695561349182.nf;
nextflow.exception.ScriptCompilationException;true;7;out1695561594033.nf;
nextflow.exception.ScriptCompilationException;true;8;out1695561604797.nf;
nextflow.exception.ScriptCompilationException;true;9;out1695562418637.nf;
