nextflow.exception.AbortRunException;true;1;out1694881323950.nf;
nextflow.exception.ScriptCompilationException;true;1;out1694881481482.nf;
nextflow.exception.ScriptCompilationException;true;2;out1694881525156.nf;
nextflow.exception.ScriptCompilationException;true;3;out1694881563365.nf;
nextflow.exception.ScriptCompilationException;true;4;out1694881643447.nf;
nextflow.exception.ScriptCompilationException;true;5;out1694881655857.nf;
nextflow.exception.ScriptCompilationException;true;6;out1694881714324.nf;
nextflow.exception.ScriptCompilationException;true;7;out1694881724918.nf;
nextflow.exception.ScriptCompilationException;true;8;out1694881835517.nf;
nextflow.exception.ScriptCompilationException;true;9;out1694882078117.nf;
nextflow.exception.ScriptCompilationException;true;10;out1694882179112.nf;
nextflow.exception.ScriptCompilationException;true;11;out1694882334174.nf;
nextflow.exception.ScriptCompilationException;true;12;out1694882420028.nf;
nextflow.exception.ScriptCompilationException;true;13;out1694882427155.nf;
nextflow.exception.ScriptCompilationException;true;14;out1694882533715.nf;
nextflow.exception.ScriptCompilationException;true;15;out1694882536380.nf;
nextflow.exception.ScriptCompilationException;true;16;out1694882808437.nf;
nextflow.exception.ScriptCompilationException;true;17;out1694882828167.nf;
nextflow.exception.ScriptCompilationException;true;18;out1694882841174.nf;
nextflow.exception.ScriptCompilationException;true;19;out1694882907381.nf;
nextflow.exception.ScriptCompilationException;true;20;out1694883020461.nf;
nextflow.exception.ScriptCompilationException;true;21;out1694883141580.nf;
nextflow.exception.ScriptCompilationException;true;22;out1694883160258.nf;
nextflow.exception.ScriptCompilationException;true;23;out1694883311338.nf;
nextflow.exception.ScriptCompilationException;true;24;out1694883578265.nf;
nextflow.exception.ScriptCompilationException;true;25;out1694883586138.nf;
nextflow.exception.ScriptCompilationException;true;26;out1694883878935.nf;
nextflow.exception.ScriptCompilationException;true;27;out1694883883181.nf;
nextflow.exception.ScriptCompilationException;true;28;out1694883972301.nf;
nextflow.exception.ScriptCompilationException;true;29;out1694883975713.nf;
nextflow.exception.ScriptCompilationException;true;30;out1694884107316.nf;
nextflow.exception.ScriptCompilationException;true;31;out1694884175364.nf;
nextflow.exception.ScriptCompilationException;true;32;out1694884332702.nf;
nextflow.exception.ScriptCompilationException;true;33;out1694884640897.nf;
nextflow.exception.ScriptCompilationException;true;34;out1694884726441.nf;
